﻿id_farmacia;farmacos;prospecto;precio;stock
1;Bodycology;Alcohol;1242.19;disponible
2;Quetiapine Fumarate;Quetiapine Fumarate;6039.59;disponible
3;Candesartan Cilexetil-Hydrochlorothiazide;Candesartan Cilexetil Hydrochlorothiazide;3849.00;disponible
4;Doribax;doripenem;7059.26;no disponible
5;Pleo Poly T;mycobacterium microti immunoserum rabbit, mycobacterium bovis immunoserum rabbit, and streptococcus pyogenes immunoserum rabbit;7999.17;no disponible
6;napoleon PERDIS ADVANCED MINERAL MAKEUP BROAD SPECTRUM SPF 15 Look 2;TITANIUM DIOXIDE, ZINC OXIDE;5043.49;disponible
7;Flecainide Acetate;Flecainide Acetate;5143.07;disponible
8;Frankincense and Myrrh Neuropathy;Aconitum Napellus, Bryonia Alba, Hypericum Perforatum;9940.90;disponible
9;PAIN GOODBYE AQUEOUS PATCH;METHYL SALICYLATE;5153.29;disponible
10;Acne TX Mask;Benzoyl Peroxide;83.38;disponible
11;Heart Regularity;Apocynum cannabinum, Baryta carbonica, Cactus grandiflorus, Convallaria majalis, Digitalis purpurea, Gelsemium sempervirens, Glonoinum, Naja tripudians, Phosphorus, Spigelia anthelmia, Spongia tosta;9552.68;no disponible
12;AMOXICILLIN;AMOXICILLIN;9954.36;disponible
13;Absolute Finish Foundation SPF15;Octinoxate and Titanium Dioxide;8383.18;disponible
14;Spatherapy;BENZALKONIUM CHLORIDE;4775.63;no disponible
15;Humphreys Baby Teething Relief Cherry Swift Strips;matricaria recutita, arabica coffee bean, tribasic calcium phosphate;1459.83;no disponible
16;Albuterol Sulfate;Albuterol Sulfate;4444.20;no disponible
17;Neutrogena;Avobenzone, Homosalate, Octisalate, Octocrylene, and Oxybenzone;1650.18;disponible
18;Ceramide Lift And Firm Makeup Broad Spectrum Sunscreen SPF 15 Warm Honey;OCTINOXATE and TITANIUM DIOXIDE;270.56;no disponible
19;Zolpidem Tartrate;Zolpidem Tartrate;4664.74;disponible
20;Metoprolol Tartrate;metoprolol tartrate;8905.22;disponible
21;Maximum Strength Menstrual Relief;Acetaminophen, Caffeine and Pyrilamine maleate;1751.88;no disponible
22;Paclitaxel;PACLITAXEL;5390.40;disponible
23;RETROVIR;zidovudine;6479.27;no disponible
24;Aspirin;Aspirin;7870.38;no disponible
25;Olanzapine;Olanzapine;5786.22;no disponible
26;Furosemide;Furosemide;3925.13;disponible
27;ZALEPLON;ZALEPLON;5685.21;disponible
28;COUMADIN;warfarin sodium;4629.60;no disponible
29;Trazodone Hydrochloride;Trazodone Hydrochloride;760.60;no disponible
30;Cilostazol;Cilostazol;6421.59;no disponible
31;Cover and Conceal Blemish Concealer;Salicylic Acid;9318.59;disponible
32;zaleplon;zaleplon;8514.15;no disponible
33;Naproxen;Naproxen;7566.95;no disponible
34;Docusol Kids;docusate sodium;3353.61;no disponible
35;Clearasil Ultra Rapid Action;Salicylic Acid;8463.86;disponible
36;Enteric Aspirin;Aspirin;7403.74;disponible
37;Lamisil;TERBINAFINE HYDROCHLORIDE;3357.09;disponible
38;HISTAPRIN;DIPHENHYDRAMINE;595.47;no disponible
39;Promethazine hydrochloride;Promethazine hydrochloride;7595.61;disponible
40;Pollens - Trees, Tree Mix 11;Tree Mix 11;2373.72;no disponible
41;aspirin;aspirin;299.51;no disponible
42;Noxzema;Triclosan;7648.02;no disponible
43;Promethazine Hydrochloride and Codeine Phosphate;Promethazine Hydrochloride and Codeine Phosphate;8854.36;disponible
44;Crest Sensitivity;Potassium nitrate and Sodium Fluoride;7646.70;no disponible
45;ConRx Sinus;Acetaminophen, Guaifenesin, and Phenylephrine Hydrochloride;5303.40;no disponible
46;TEPADINA;THIOTEPA;6476.56;disponible
47;Hypophysis 6;Hypophysis 6;4211.55;no disponible
48;Metoprolol;METOPROLOL TARTRATE;3639.58;no disponible
49;babies r us infants pain relief;Acetaminophen;9428.93;no disponible
50;Tobramycin;Tobramycin;5794.26;no disponible
51;Nitrofurantoin Macrocrystals;Nitrofurantoin Macrocrystals;9048.98;no disponible
52;babies r us infants pain and fever;acetaminophen;9985.67;no disponible
53;Galantamine;Galantamine;8989.72;no disponible
54;Levothyroxine Sodium;Levothyroxine Sodium;5909.41;disponible
55;Antipyrine and Benzocaine;Antipyrine and Benzocaine;9965.36;no disponible
56;HydrOXYzine Hydrochloride;HydrOXYzine Hydrochloride;2827.16;disponible
57;ziprasidone hydrochloride;Ziprasidone HCl;2512.72;no disponible
58;Pure Finish Mineral Powder Foundation SPF 20 Pure Finish 8;Titanium Dioxide;6405.30;disponible
59;IVA ANNUA VAR ANNUA POLLEN;Marshelder Rough;6960.51;disponible
60;ENALAPRIL MALEATE;ENALAPRIL MALEATE;2909.47;disponible
61;Clozapine;clozapine;1950.90;disponible
62;Lisinopril and Hydrochlorothiazide;Lisinopril and Hydrochlorothiazide;5340.69;no disponible
63;Lanoderm;OTC Skin Protectant Drug Products;7759.72;disponible
64;Sabal Populus;Sabal Populus;4527.26;no disponible
65;Air;Air;3061.03;disponible
66;Skintegrity Antibacterial Hand;Triclosan;4648.77;no disponible
67;GENTAMICIN SULFATE;gentamicin sulfate;3757.77;no disponible
68;LBEL EFFET PARFAIT;Octinoxate and Titanium Dioxide;2094.55;disponible
69;Aspirin;Aspirin;9583.36;no disponible
70;Charmzone Natural Skinade BB Cream (SPF20 PA);TITANIUM DIOXIDE, ZINC OXIDE;939.31;no disponible
71;Simvastatin;Simvastatin;1247.72;disponible
72;Desloratadine;Desloratadine;3699.70;no disponible
73;Tikosyn;dofetilide;784.75;no disponible
74;Alprazolam;Alprazolam;5126.38;no disponible
75;equaline nicotine;Nicotine Polacrilex;6348.91;disponible
76;care one calcium antacid;Calcium carbonate;9803.06;disponible
77;Phenytoin Sodium;Phenytoin Sodium;3988.67;no disponible
78;CLE DE PEAU BEAUTE REFRESHING PROTECTIVE I;Ensulizole, Octinoxate, Octocrylene, and Oxybenzone;3875.84;disponible
79;Muscle Rub;MENTHOL;6262.30;disponible
80;R.E.M. Day SPF 30;Avobenzone, Octinoxate, and Octisalate;2940.07;disponible
81;Oxygen;Oxygen;2937.84;disponible
82;Aspergillus niger;Aspergillus niger;8461.89;no disponible
83;equaline nighttime cold and flu relief;Acetaminophen, Dextromethorphan HBr, Doxylamine succinate;5591.00;disponible
84;Tusnel;Dextromethorphan, Guiafenesin, Pseudoephedrine HCl;7592.43;disponible
85;OBAGI C RX SYSTEM C CLARIFYING SERUM;HYDROQUINONE;2862.68;no disponible
86;Tranexamic Acid;Tranexamic Acid;9345.89;no disponible
87;Paroxetine;Paroxetine Hydrochloride;2638.36;disponible
88;Equate sleep aid;Doxylamine succinate;6861.72;disponible
89;Cardizem LA;Diltiazem Hydrochloride;7404.59;no disponible
90;Amoxicillin;Amoxicillin;4549.22;no disponible
91;Acyclovir;acyclovir;2516.03;disponible
92;CLE DE PEAU BEAUTE FOUNDATION L;Titanium dioxide;2323.28;no disponible
93;paroxetine;PAROXETINE HYDROCHLORIDE;8798.19;no disponible
94;LES BEIGES;OCTINOXATE and TITANIUM DIOXIDE;4888.07;disponible
95;Sertraline Hydrochloride;Sertraline Hydrochloride;4058.65;disponible
96;Colgate;Sodium Fluoride;7445.61;disponible
97;Alprazolam;Alprazolam;9366.22;disponible
98;Nabumetone;nabumetone;9282.24;no disponible
99;CARBIDOPA AND LEVODOPA;CARBIDOPA AND LEVODOPA;7936.74;no disponible
100;Pramipexole Dihydrochloride;Pramipexole Dihydrochloride;5975.66;disponible
101;La Roche Posay Laboratoire Dermatologique Effaclar Clarifying;Salicylic Acid;9711.72;no disponible
102;WhiskCare 377;Benzalkonium Chloride;5202.95;no disponible
103;Albuterol Sulfate;Albuterol Sulfate;7747.87;no disponible
104;Menostar;estradiol;3305.65;no disponible
105;Mens rogaine;Minoxidil;397.32;disponible
106;Testosterone;Testosterone;756.13;disponible
107;TEMAZEPAM;temazepam;9000.17;no disponible
108;Sodium FluorideF 18;SODIUM FLUORIDE F-18;3556.28;disponible
109;Spai-Sons;Calendula Officinalis Flower Extract;8030.53;disponible
110;Ursodiol;Ursodiol;2810.86;disponible
111;ALZ;Anacardium orientale, Belladonna, Hyoscyamus;7113.73;no disponible
112;Theraflu;Acetaminophen, Pheniramine Maleate, Phenylephrine HCl;4072.81;disponible
113;curacaine;Lidocaine;7240.12;no disponible
114;DRY COUGH HEADACHE;VIOLA ODORATA;5185.35;disponible
115;Rompe Pecho;Dextromethorphan HBr, Guaifenesin;9241.66;disponible
116;Oxycodone and Acetaminophen;Oxycodone and Acetaminophen;8203.76;disponible
117;Miconazole 7;Miconazole nitrate;6602.53;no disponible
118;Famotidine;Famotidine;7597.86;no disponible
119;Strattera;Atomoxetine hydrochloride;8491.66;disponible
120;Shagbark Hickory Pollen;Carya ovata;3424.06;disponible
121;Curad Alcohol Prep Pads;Isopropyl Alcohol;9213.40;no disponible
122;Ropinirole;Ropinirole;4869.76;no disponible
123;ONDANSETRON;ONDANSETRON;4556.50;disponible
124;PYRETHRUM CINERARIIFOLIUM;PYRETHRUM CINERARIIFOLIUM;3124.48;disponible
125;Acyclovir;acyclovir;1014.79;disponible
126;DHC Acne Spot Therapy;Sulfur;6241.07;no disponible
127;Atenolol;Atenolol;5340.62;no disponible
128;Famotidine;Famotidine;3897.67;disponible
129;Ipecacuanha Kit Refill;IPECAC;6321.24;disponible
130;Nitrogen;Nitrogen;2845.55;no disponible
131;Noxzema;Salicyclic Acid;1552.77;disponible
132;Celery;Celery;9012.69;no disponible
133;Potassium Chloride;Potassium Chloride;3640.01;disponible
134;Desipramine Hydrochloride;Desipramine Hydrochloride;2810.40;no disponible
135;Epsom Salt;Magnesium Sulfate;4485.99;no disponible
136;Chantix;varenicline tartrate;8414.66;no disponible
137;Value Pharma;Aspirin;5886.36;no disponible
138;SELZENTRY;maraviroc;3458.86;no disponible
139;PHENDIMETRAZINE TARTRATE;Phendimetrazine Tartrate;2058.07;disponible
140;Anastrozole;Anastrozole;9551.91;disponible
141;Methenamine Mandelate;Methenamine Mandelate;8547.71;no disponible
142;Childrens mucus relief multi-symptom cold;Dextromethorphan HBr, Guaifenesin, Phenylephrine HCl;2441.89;no disponible
143;Dexamethasone Sodium Phosphate;Dexamethasone Sodium Phosphate;9054.41;no disponible
144;Prevage Anti Aging Moisture Broad Spectrum Sunscreen SPF 30;OCTINOXATE, OCTISALATE, OXYBENZONE, OCTOCRYLENE, and AVOBENZONE;3557.07;no disponible
145;Benicar Hct;olmesartan medoxomil and hydrochlorothiazide;255.21;disponible
146;BURZANGMURY GOLD;GLYCERIN;556.61;disponible
147;Ice Quake;Methyl Salicylate, Menthol, Camphor;8326.99;no disponible
148;Mucor plumbeus;Mucor plumbeus;9056.09;no disponible
149;methylphenidate hydrochloride CD;methylphenidate hydrochloride;614.01;no disponible
150;Depakote;Divalproex Sodium;8961.44;no disponible
151;AllergyEase Southern;Adenosinum cyclophosphoricum, Adrenalinum, Adrenocorticotrophin, Allium cepa, Alnus serrulata, Carduus benedictus, Cichorium intybus, Cortisone aceticum, Dolichos pruriens, Euphrasia officinalis, Galphimia glauca, Histaminum hydrochloricum, Juglans cinerea, Kali muriaticum, Mucosa nasalis suis, Nasturtium, Natrum muriaticum, Rhus tox, RNA, Sabadilla, Sassafras officinale;9040.55;no disponible
152;Ketoprofen;Ketoprofen;8532.93;no disponible
153;ALLI;orlistat;3145.60;disponible
154;HAND SANITIZING;ALCOHOL;9865.46;disponible
155;California Live Oak;California Live Oak;2347.50;disponible
156;Insect Bite;Hypericum perforatum, Ledum palustre, Latrodectus mactans,;4916.28;disponible
157;Perphenazine;PERPHENAZINE;1468.40;disponible
158;Blemish Toner;Glycerin;1563.94;no disponible
159;Skin Irritation;ARSENIC TRIOXIDE - CALCIUM SULFATE ANHYDROUS - SODIUM PHOSPHATE, DIBASIC ANHYDROUS - SILICON DIOXIDE;2689.07;disponible
160;Bumetanide;Bumetanide;1830.39;disponible
161;CLINIMIX;Leucine, Phenylalanine, Lysine, Methionine, Isoleucine, Valine, Histidine, Threonine, Tryptophan, Alanine, Glycine, Arginine, Proline, Serine, Tyrosine, Dextrose;7035.29;disponible
162;Fluocinolone Acetonide;Fluocinolone Acetonide;9269.12;disponible
163;Metformin Hydrochloride;Metformin Hydrochloride;60.17;no disponible
164;Strophanthus Aurum;Strophanthus Aurum;833.44;disponible
165;Kidney Stone Clear;Berberis vulg, Calc carb, Cantharis, Lycopodium, Belladonna;1305.03;no disponible
166;Pollens - Weeds and Garden Plants, Sorrel, Sheep Rumex acetosella;Sorrel, Sheep Rumex acetosella;4828.75;disponible
167;BACTROBAN;MUPIROCIN CALCIUM;9383.01;no disponible
168;LAMICTAL;lamotrigine;4716.36;disponible
169;Paroxetine;Paroxetine Hydrochloride;2149.20;disponible
170;PredniSONE;PredniSONE;9142.89;disponible
171;LOESTRIN Fe 1.5/30;norethindrone acetate and ethinyl estradiol and ferrous fumarate;6406.30;disponible
172;Noxzema;Salicyclic Acid;9588.74;no disponible
173;SHISEIDO THE MAKEUP SHEER MATIFYING COMPACT (REFILL);Octinoxate and Titanium dioxide;9047.80;disponible
174;ONDANSETRON;ONDANSETRON;1741.64;no disponible
175;Amlodipine Besylate;amlodipine besylate;8757.14;disponible
176;Alcohol Prep Pad;Isopropyl Alcohol;7553.21;no disponible
177;Chelidonium Rosa;Chelidonium Rosa;3117.86;no disponible
178;All Day Allergy;Cetirizine HCl;8366.76;disponible
179;Bengay Arthritis Pain Relieving;Menthol and Methyl Salicylate;6594.32;no disponible
180;Head and Shoulders;Pyrithione Zinc;6575.72;no disponible
181;Yellow Pine;Yellow Pine;6630.34;no disponible
182;Hydrochlorothiazide;Hydrochlorothiazide;2136.35;no disponible
183;GOONGSECRET DAILY FACE SUN;TITANIUM DIOXIDE;1400.09;no disponible
184;Instant Hand Sanitizer Bubble Gum;ETHYL ALCOHOL;1570.93;disponible
185;BareMinerals;Titanium Dioxide;9664.50;no disponible
186;PerioChip;Chlorhexidine Gluconate;7701.93;no disponible
187;Keystone Antibacterial;Triclosan;1713.16;disponible
188;SKIN CAVIAR CONCEALER FOUNDATION SUNSCREEN SPF 15 - Peche;OCTINOXATE;2451.84;no disponible
189;CAMERA READY;OCTINOXlATE, OCTISALATE, OXYBENZONE, TITANIUM DIOXIDE;4959.99;disponible
190;Saltbush;Saltbush;2478.55;disponible
191;Old Spice Wild Collection;Aluminum Zirconium Trichlorohydrex Gly;2824.17;disponible
192;Pain Relief;Acetaminophen;4825.19;no disponible
193;blink tears;polyethylene glycol 400;3911.02;disponible
194;Oxygen;Oxygen;4648.29;disponible
195;FormuCare Cough Syrup DM;Dextromethorphan Hydrobromide, Guaifenesin;1961.33;no disponible
196;Mary Kay Tinted Lip Balm Sunscreen SPF 15 Natural;octinoxate, octocrylene, oxybenzone, zinc oxide;9423.25;disponible
197;Hydralazine Hydrochloride;Hydralazine Hydrochloride;8178.97;no disponible
198;Gas Relief;SIMETHICONE;6516.69;no disponible
199;NITROGEN;NITROGEN;1759.40;disponible
200;DIDANOSINE;DIDANOSINE;2577.57;no disponible
201;Antibacterial Body Wash;Triclosan;2113.01;no disponible
202;Real Deal Foundation;TITANIUM DIOXIDE;445.87;disponible
203;Furosemide;Furosemide;1186.18;no disponible
204;Morphine Sulfate;Morphine Sulfate;6172.95;no disponible
205;Chlo Tuss;Chlophedianol Hydrochloride, Guaifenesin;5023.54;disponible
206;NOXICARE;.Alpha.-Lipoic Acid, Turmeric, Ocimum Tenuiflorum Top, Indian Frankincense, Rosemary, Salix Alba Bark, and Ginger;3163.45;disponible
207;Promethazine Hydrochloride;Promethazine Hydrochloride;4683.77;disponible
208;ACETAMINOPHEN, BUTALBITAL AND CAFFEINE;ACETAMINOPHEN, BUTALBITAL AND CAFFEINE;6308.52;no disponible
209;Colgate Triple Action Original Mint Fluoride;Sodium Fluoride;7462.94;disponible
210;Healthy Accents Mucus Relief;Acetaminophen, Dextromethorphan HBr, Guaifenesin, Phenylephrine HCl;8589.43;disponible
211;Terazosin Hydrochloride;Terazosin Hydrochloride;5944.87;disponible
212;fast mucus relief;Acetaminophen, guaifenesin, phenylephrine HCl;5218.87;no disponible
213;Almay Sensitive Skin Antiperspirant - Deodorant;ALUMINUM SESQUICHLOROHYDRATE;4798.46;disponible
214;Best Choice Bacitracin Zinc;Bacitracin Zinc;9506.59;disponible
215;Alprazolam;alprazolam;1827.72;disponible
216;Simply White;Sodium fluoride;5642.64;no disponible
217;hemorrhoidal;glycerin, phenylephrine HCl, pramoxine HCl, white petrolatum;389.16;disponible
218;Simvastatin;Simvastatin;8964.00;no disponible
219;Triaminic;Acetaminophen, Chlorpheniramine maleate, Dextromethorphan;9736.79;disponible
220;Atenolol;atenolol;4832.24;disponible
221;Oxandrolone;oxandrolone;1503.10;no disponible
222;Risperidone;Risperidone;6323.25;no disponible
223;Athletes Foot;Terbinafine Hydrochloride;8792.80;no disponible
224;Naproxen;Naproxen;2401.67;no disponible
225;Duloxetine;Duloxetine;1127.05;no disponible
226;Xofigo;Radium Ra 223 dichloride;6882.95;disponible
227;Secret Scent Expressions;Aluminum Zirconium Octachlorohydrex Gly;5961.79;no disponible
228;Childrens Mucus Relief Expectorant Grape;GUAIFENESIN;1065.88;no disponible
229;SAFEWAY;DIMETHICONE;9546.39;no disponible
230;Ranitidine;Ranitidine;7970.99;disponible
231;Methocarbamol;Methocarbamol;4061.78;disponible
232;Omeprazole;omeprazole;5021.60;no disponible
233;Paprika;Paprika;2024.84;no disponible
234;Modafinil;modafinil;7781.09;no disponible
235;Clonazepam;clonazepam;2246.82;disponible
236;Nitroglycerin Transdermal Delivery System;nitroglycerin;4688.87;no disponible
237;Oil Free Acne Scrub;Salicylic Acid;4477.54;disponible
238;Standardized Mite, Dermatophagoides farinae, Bulk, 10000 AU per mL;Standardized Mite, Dermatophagoides farinae, Bulk, 10000 AU per mL;1911.98;disponible
239;MIRAE HAIR;WITCH HAZEL;2827.68;no disponible
240;SYNTHROID;levothyroxine sodium tablets;1454.99;disponible
241;Nasal Decongestant;Oxymetazoline HCl;8944.67;no disponible
242;Solar Protection Formula TiZO SPF 35;Zinc Oxide;2399.83;disponible
243;Viral Plus;not applicable;6872.50;no disponible
244;Thiothixene;Thiothixene;5626.67;disponible
245;HCG with Slimming Herbs;Fucus vesiculosus, Cyanocobalamin, Glandula suprarenalis suis, Hepar suis, L-carnitine, Ornithine, Antimonium crudum, Human chorionic gonadotropin,;5379.07;disponible
246;Metformin Hydrochloride;Metformin Hydrochloride;2166.28;disponible
247;Allergy;Diphenhydramine HCl;9861.06;disponible
248;smart sense pain relief;Acetaminophen;5644.72;disponible
249;Governing Vessel Conception Vessel Meridian Opener;Apis Mellifica, Arsenicum Album, Baryta Carbonica, Belladonna, Calcarea Carbonica, Cicuta Virosa, Conium Maculatum;4548.00;no disponible
250;Ibuprofen;Ibuprofen;4902.20;no disponible
251;CARYA ILLINOINENSIS POLLEN;Pecan Pollen;6388.44;disponible
252;Cauliflower;Cauliflower;6024.15;no disponible
253;Good Neighbor Pharmacy Sinus and Allergy PE;Chlorpheniramine maleate, Phenylephrine HCl;4750.68;disponible
254;Eye Stream;purified water;9018.01;no disponible
255;Treatment Set TS331657;Treatment Set TS331657;6786.99;no disponible
256;Flucytosine;Flucytosine;1586.87;disponible
257;Phenytoin Sodium;Phenytoin Sodium;3946.12;no disponible
258;YES TO TOMATOES ROLLER BALL SPOT STICK;Salicylic Acid;5583.99;no disponible
259;FEMCON Fe;norethindrone and ethinyl estradiol, and ferrous fumarate;9670.20;disponible
260;Mucinex Sinus-Max;Acetaminophen, Guaifenesin, and Phenylephrine Hydrochloride;6969.44;disponible
261;Head and Shoulders 2in1;Pyrithione Zinc;9056.01;no disponible
262;QUALITY CHOICE ORIGINAL EYE DROPS;TETRAHYDROZOLINE HYDROCHLORIDE;2932.23;no disponible
263;Clear;Pyrithione Zinc;4085.97;disponible
264;CETIRIZINE HYDROCHLORIDE;CETIRIZINE HYDROCHLORIDE;281.84;disponible
265;Chlordiazepoxide Hydrochloride;Chlordiazepoxide Hydrochloride;5573.37;disponible
266;Sinus Nighttime;Acetaminophen, Doxylamine succinate and Phenylephrine Hydrochloride;5706.44;no disponible
267;Flounder;Flounder;5373.65;no disponible
268;Blackhead Clearing Scrub;Salicylic acid;546.05;disponible
269;Halonate;Halobetasol;2690.68;disponible
270;LBEL;Aluminum Sesquichlorohydrate;8125.48;no disponible
271;RITUALS precious mineral foundation broad spectrum SPF 15 sunscreen SHADE 14;TITANIUM DIOXIDE;6605.18;disponible
272;Metronidazole;Metronidazole;686.19;disponible
273;Xylocaine;Lidocaine Hydrochloride;4994.60;no disponible
274;Zoloft;sertraline hydrochloride;9501.95;disponible
275;Purgo Ultra PC;CHLOROXYLENOL;7444.11;no disponible
276;Paroxetine;Paroxetine Hydrochloride;7592.87;disponible
277;clindamycin phosphate;clindamycin phosphate;6957.42;no disponible
278;Compazine;Prochlorperazine Maleate;427.59;disponible
279;Glycopyrrolate;Glycopyrrolate;2185.81;no disponible
280;Weight Loss Solution;Amino Acids, Apis Mellifica, Arnica Montana, Fucus Vesiculosus, Gambogia, Hepar Suis, Phosphoricum Acidum, Pituitaria Glandula Suis, Thuja Occidentalis, Thyroidinum Suis,;7365.07;no disponible
281;benzonatate;benzonatate;7503.58;disponible
282;DIPYRIDAMOLE;DIPYRIDAMOLE;8023.97;disponible
283;IASO progressive age care toner;adenosine;3938.68;disponible
284;HYDROMORPHONE HYDROCHLORIDE;Hydromorphone Hydrochloride;2173.18;disponible
285;Antibacterial Foaming Hand Cleanser;triclosan;9306.95;no disponible
286;antibiotic and pain relief;Bacitracin, Neomycin, Polymyxin B, Pramoxine HCl;8054.10;no disponible
287;Methyldopa;methyldopa;8733.60;no disponible
288;Triamcinolone Acetonide;TRIAMCINOLONE ACETONIDE;5382.90;disponible
289;Mirtazapine;Mirtazapine;9942.00;no disponible
290;Lisinopril;Lisinopril;5172.83;no disponible
291;cyclobenzaprine hydrochloride;cyclobenzaprine hydrochloride;5249.70;no disponible
292;Enviro;Kali gluconate, Glandula suprarenalis suis, Hepar suis, Coffea tosta, Thea sinensis, Carbo vegetabilis Ferrum iodatum, Ferrum metallicum, Gelsemium sempervirens, Iodium, Iridium metallicum, Lycopodium clavatum, Pulsatilla, Selenium metallicum,;5752.18;disponible
293;ibuprofen;Ibuprofen;7097.02;no disponible
294;All Day Moisturizing;Octinoxate, zinc oxide;8987.73;disponible
295;Levetiracetam;Levetiracetam;6271.58;disponible
296;HYDROMORPHONE HYDROCHLORIDE;Hydromorphone Hydrochloride;9916.16;disponible
297;SHISEIDO PURENESS MATIFYING COMPACT OIL-FREE (REFILL);OCTINOXATE and TITANIUM DIOXIDE;1846.57;no disponible
298;MELOXICAM;MELOXICAM;6700.84;no disponible
299;Thiothixene;Thiothixene;3174.78;no disponible
300;Prednisone;Prednisone;2881.31;no disponible
301;Body;Menthol, zinc oxide;3594.69;disponible
302;equaline flu and severe cold and cough;Acetaminophen, Diphenhydramine hydrochloride, Phenylephrine hydrochloride;920.14;no disponible
303;Detoxifier;Uricum acidum, Benzoicum acidum, Berber. vulg., Bryonia, Cantharis, Carduus benedictus, Ceanothus, Chelidonium majus, Chionanthus virginica, Cinchona, Dioscorea, Dolichos, Iris versicolor, Juniperus com., Nux vom., Ptelea, Taraxacum, Carduus mar., Cynara scolymus, Solidago;1063.20;disponible
304;Pramosone;hydrocortisone acetate and pramoxine hydrochloride;5315.58;no disponible
305;EXTENDED PHENYTOIN SODIUM;EXTENDED PHENYTOIN SODIUM;5044.66;no disponible
306;Ice Cold Analgesic Gel;Menthol and Camphor;4602.47;disponible
307;Stool Softener;DOCUSATE SODIUM;5359.50;disponible
308;Clozapine;clozapine;9680.30;no disponible
309;Targretin;bexarotene;5567.12;no disponible
310;RHIZOPUS ARRHIZUS VAR ARRHIZUS;RHIZOPUS BATATAS;2323.45;disponible
311;Nifedipine;Nifedipine;2348.91;disponible
312;Ketodan;ketoconazole;3006.22;disponible
313;UV Capture Sun Pact;Titnium Dioxide, Ethylhexyl Methoxycinnamate, Octocrylene;4509.89;disponible
314;Omeprazole;Omeprazole;3318.80;no disponible
315;Campral;acamprosate calcium;4038.89;disponible
316;Metformin Hydrochloride;Metformin Hydrochloride;5687.29;disponible
317;Tekamlo;Aliskiren Hemifumarate and Amlodipine Besylate;3532.14;no disponible
318;Azathioprine;Azathioprine;330.86;disponible
319;SNAIL THERAPY 90 SKIN BOOSTER;Dimethicone;6702.68;disponible
320;LBEL EFFET PARFAIT Spots Reducing Effect Foundation SPF 18 - CLAIRE 3;OCTINOXATE, OXYBENZONE;921.66;disponible
321;Umcka ColdCare Alcohol Free Cherry;Pelargonium sidoides;3890.42;disponible
322;Folic Acid;Folic Acid;2883.05;disponible
323;Lorazepam;lorazepam;385.03;no disponible
324;Diabetic Siltussin DAS-Na;Guaifenesin;7299.70;disponible
325;Milk of Magnesia Mint;MAGNESIUM HYDROXIDE;5009.59;no disponible
326;Phenylalanine;Phenylalanine;2750.19;no disponible
327;Solar Sense Sun Damage Restoration Body SPF 15;ZINC OXIDE, OCTINOXATE;8389.30;no disponible
328;Candida Yeast;Baptisia tinctoria, Borax, Candida albicans, Candida parapsilosis, Echinacea (angustifolia), Kreosotum, Mercurius cyantus, Mercurius sulphuratus ruber,;9046.19;no disponible
329;Abstral;fentanyl;260.18;disponible
330;Varico HP;Calcarea Fluorica, Activated Charcoal, Hamamelis Virginiana Root Bark / Stem Bark, Lachesis Muta Venom, Lycopodium Clavatum Spore, Pulsatilla Vulgaris, Claviceps Purpurea Sclerotium, Delphinium Staphisagrea Seed, Zinc;1383.84;no disponible
331;Multitrace -4;Trace Elements 4;4162.84;disponible
332;Ventavis;iloprost;854.70;no disponible
333;Curvularia inequalis;Curvularia inequalis;4045.65;disponible
334;RAPID RELEASE ACETAMINOPHEN;Acetaminophen;1947.88;disponible
335;Reticuloendothelial system 8 Special Order;Reticuloendothelial system 8 Special Order;1207.49;disponible
336;CVS Pharmacy;Undecylenic Acid;1306.96;disponible
337;Klor-Con M;Potassium Chloride;6068.69;no disponible
338;Ranitidine;Ranitidine;7968.61;no disponible
339;Mexican Tea Pollen;Mexican Tea Pollen;2608.18;no disponible
340;ibuprofen;Ibuprofen;3888.32;no disponible
341;Amlodipine Besylate;Amlodipine Besylate;4059.02;disponible
342;BORAX;BORAX;391.75;no disponible
343;VAQTA;hepatitis A vaccine, inactivated;7130.28;disponible
344;Cough;BRYONIA ALBA ROOT, CAUSTICUM, CALCIUM SULFIDE, and ANTIMONY POTASSIUM TARTRATE;690.03;no disponible
345;Levoxyl;levothyroxine sodium;8389.62;disponible
346;Phenazopyridine Hydrochloride;Phenazopyridine Hydrochloride;2639.56;disponible
347;Methocarbamol;Methocarbamol;1166.73;no disponible
348;LBEL HYDRATESS;Octinoxate and Oxybenzone;8908.20;disponible
349;Tranexamic Acid;Tranexamic Acid;2285.71;no disponible
350;OLUX;clobetasol propionate;3938.39;no disponible
351;CLE DE PEAU BEAUTE PW FOUNDATION s;Octinoxate and Titanium dioxide;3971.38;no disponible
352;Tacrolimus;Tacrolimus;5818.75;disponible
353;Major Night Time Multi Symptom;Acetaminophen, Dextromethorphan Hydrobromide, Doxylamine Succinate;4941.50;disponible
354;AVAPTA;HEXYLRESORCINOL;8645.04;disponible
355;INFUMORPH 200;morphine sulfate;8264.54;disponible
356;Valproic Acid;valproic acid;5634.06;disponible
357;German Cockroach;German Cockroach;1493.53;disponible
358;Topiramate;Topiramate;9991.98;no disponible
359;Erythromycin;Erythromycin;346.64;disponible
360;Benz O Sthetic;Benzocaine;93.61;no disponible
361;Common Mugwort Sage;Common Mugwort Sage;6658.83;disponible
362;Horse Epithelium;Horse Epithelium;8710.26;disponible
363;CS Brain;Arsenicum album, Arsenicum iodatum, Baryta carbonica, Calcarea carbonica, Carbo animalis, Kreosotum, Lachesis mutus, Phosphorus, Silicea;7993.51;no disponible
364;Tinted Moisturizer;Octinoxate, Octisalate and Titanium Dioxide;8435.78;disponible
365;SUN Tinted Solar Defense Organic SPF 30;Zinc Oxide;3696.41;no disponible
366;Tamiflu;Oseltamivir Phosphate;5429.67;disponible
367;Carbon Dioxide;Carbon Dioxide;6384.86;no disponible
368;Broncotron;Dextromethorphan HBr, Guaifenesin;429.12;disponible
369;HAND SANITIZING;ALCOHOL;5148.22;no disponible
370;Cyclobenzaprine Hydrochloride;Cyclobenzaprine Hydrochloride;4583.69;disponible
371;Bio Pine;Pine,;6779.88;disponible
372;Metformin Hydrochloride;Metformin Hydrochloride;9685.62;disponible
373;Suave;Pyrithione Zinc;9919.00;disponible
374;Anti-bacterial Hand;Ethyl Alcohol;4668.00;no disponible
375;Risperidone;Risperidone;2234.54;disponible
376;PERFECTION LUMIERE;TITANIUM DIOXIDE;7995.38;no disponible
377;ZALEPLON;ZALEPLON;7336.48;no disponible
378;Reclast;zoledronic acid;8876.92;disponible
379;DIGESTION RELIEF;DOLICHOS PRURIENS, LYCOPODIUM CLAVATUM, LEPTANDRA VIRGINICA, CARDUUS MARIANUS, CHELIDONIUM MAJUS, BOLDO;2073.02;no disponible
380;Softlips Tint;Octinoxate, Octisalate;4678.76;disponible
381;Diluent for Allergenic Extract - Sterile Normal Saline with Phenol;Normal Saline with Phenol;3081.58;disponible
382;Zanaflex;tizanidine hydrochloride;1584.47;disponible
383;Vinorelbine tartrate;Vinorelbine tartrate;2649.19;no disponible
384;Select Brand Povidone Iodine;Povidone Iodine 10%;8647.57;no disponible
385;SANCTURA;trospium chloride;6970.21;disponible
386;Afinitor;everolimus;1330.72;no disponible
387;Fluocinolone Acetonide;Fluocinolone Acetonide;142.08;disponible
388;PEPSOM SALT PEPPERMINT;magnesium sulfate;5247.48;no disponible
389;UltrasolSunscreen;Avobenzone, Octinoxate, Octisalate, Oxybenzone;94.26;disponible
390;Claritin-D;Loratadine and pseudoephedrine sulfate;7752.89;disponible
391;nasal;Oxymetazoline HCl;6395.78;disponible
392;Acyclovir;Acyclovir;5115.83;disponible
393;Propafenone HCl;Propafenone hydrochloride;5507.89;no disponible
394;Hidocomo Antiseptic Disinfectant;CHLOROXYLENOL;7536.44;disponible
395;Restless Leg;Mygale, Agaricus musc., Causticum, Cinchona, Conium, Cuprum met., Gelsemium, Hyoscyamus, Hypericum, Kali carb., Mag. carb., Merc. viv., Nux vom., Plumb. met., Rhus toxicodendron, Secale, Strychninum, Tarentula hispana, Valeriana, Verbascum, Zinc. met., Chamomilla,Passiflora;7697.03;disponible
396;LBEL COULEUR LUXE AMPLIFIER XP;Octinoxate and Oxybenzone;9136.19;disponible
397;Bisoprolol Fumarate;Bisoprolol fumarate;4776.76;disponible
398;Divalproex Sodium;Divalproex Sodium;4790.65;disponible
399;DIMENHYDRINATE;DIMENHYDRINATE;7523.92;disponible
400;Treatment Set TS333312;Treatment Set TS333312;427.38;disponible
401;Hand Sanitizer CDS Office Products;Alcohol;3581.46;no disponible
402;HOMATROPINE HYDROBROMIDE;HOMATROPINE HYDROBROMIDE OPHTHALMIC;7043.50;no disponible
403;Penicillin V Potassium;Penicillin V Potassium;6092.11;disponible
404;Hydrocodone Bitartrate and Acetaminophen;HYDROCODONE BITARTRATE and ACETAMINOPHEN;2751.71;disponible
405;mupirocin;Mupirocin;9531.21;no disponible
406;Digoxin;Digoxin;3061.01;no disponible
407;CELESTONE SOLUSPAN;Betamethasone Acetate and Betamethasone Sodium Phosphate;5598.17;disponible
408;Interarticular Joint Kit;AMMONIA, LIDOCAINE HYDROCHLORIDE ANHYDROUS, TRIAMCINOLONE ACETONIDE, POVIDONE-IODINE;5767.71;disponible
409;Leader Ibuprofen;ibuprofen;9891.76;no disponible
410;Tamoxifen Citrate;Tamoxifen Citrate;292.25;no disponible
411;Nabumetone;Nabumetone;8426.89;no disponible
412;PurSan;CHLOROXYLENOL;2822.17;disponible
413;Paricalcitol;Paricalcitol;9883.21;no disponible
414;MUS MUSCULUS SKIN;Mouse Epithelium;62.13;no disponible
415;Ursodiol;Ursodiol;4534.19;no disponible
416;Vertra Elemental Resistance Mick Fanning Signature SPF 28;OCTINOXATE, OCTOCRYLENE, TITANIUM DIOXIDE;2008.59;disponible
417;BANANA BOAT;AVOBENZONE, OCTOCRYLENE, OXYBENZONE;6251.63;no disponible
418;Bio Tonsilla Compositum;not applicable;6749.03;no disponible
419;Denti-Care Denti-Pro;Sodium Fluoride;5228.46;disponible
420;Promethazine Hydrochloride;Promethazine Hydrochloride;3971.83;no disponible
421;Haloperidol Decanoate;Haloperidol Decanoate;221.62;disponible
422;TS (Talmostop);niacinamide;5518.39;no disponible
423;Methocarbamol;Methocarbamol;3755.07;no disponible
424;Ondansetron;Ondansetron;7198.32;disponible
425;Phentolamine Mesylate;Phentolamine Mesylate;4528.52;disponible
426;Warfarin Sodium;Warfarin Sodium;1843.93;disponible
427;Aspergillus niger;Aspergillus niger;5613.81;no disponible
428;Hydrochlorothiazide;Hydrochlorothiazide;2656.12;no disponible
429;Therapeutic T Plus;Coal Tar;4130.93;disponible
430;topcare infants pain and fever;acetaminophen;1060.69;no disponible
431;Enoxaparin Sodium;Enoxaparin Sodium;9502.63;disponible
432;Extra Strength Pain Reliever PM;Acetaminophen and Diphenhydramine HCl;8013.41;no disponible
433;3M DuraPrep Surgical;Iodine povacrylex and Isopropyl alcohol;6446.93;disponible
434;Desert Essence Mineral Sunscreen SPF 35;Zinc Oxide;2331.40;no disponible
435;Diclofenac Sodium;Diclofenac Sodium;4156.02;no disponible
436;HOME ANTIBACTERIAL;Benzalkonium chloride;5129.39;no disponible
437;Tramadol Hydrochloride;Tramadol Hydrochloride;3867.96;no disponible
438;Gabapentin;Gabapentin;5744.83;disponible
439;Cefoxitin;CEFOXITIN;5798.04;disponible
440;Kogenate FS;Antihemophilic Factor (Recombinant);6934.30;no disponible
441;Fire Ant;Fire Ant;505.84;disponible
442;Adenosine;Adenosine;5041.04;no disponible
443;Berkley and Jensen Pain Relief;Acetaminophen;8022.03;disponible
444;Betimol;timolol;9276.01;no disponible
445;Concerta;Methylphenidate hydrochloride;3287.40;no disponible
446;Mirtazapine;Mirtazapine;9452.06;disponible
447;NEXIUM;Esomeprazole magnesium;6860.21;no disponible
448;Zyvox;linezolid;1578.53;no disponible
449;Ethamolin;Ethanolamine Oleate;3234.98;disponible
450;SHISEIDO FUTURE SOLUTION LX TOTAL RADIANCE FOUNDATION;OCTINOXATE and TITANIUM DIOXIDE;3732.44;disponible
451;Clonidine Hydrochloride;Clonidine Hydrochloride;6519.13;no disponible
452;Degree;Aluminum Chlorohydrate;1797.41;disponible
453;EBSS-5;Lidocaine Hydrochloride;4341.73;no disponible
454;Enamelon;stannous fluoride;6378.12;no disponible
455;Fanapt;iloperidone;7686.56;disponible
456;Labetalol hydrochloride;Labetalol hydrochloride;8039.34;disponible
457;Neulasta;pegfilgrastim;2796.32;no disponible
458;New Hawaiian Tropic Sensitive Skin Lotion Sunscreen;Avobenzone and Octocrylene and Oxybenzone;1587.78;no disponible
459;Lym;Chelidonium majus, Echinacea, Hydrastis canadensis, Nasturtium aquaticum, Taraxacum officinale, Trifolium pratense, Urtica dioica, Thymus, Thyroidinum, Arsenicum album, Coccus cacti,;186.24;disponible
460;Binaca Anticavity Flouride Peppermint;SODIUM MONOFLUOROPHOSPHATE;3701.10;disponible
461;Cytarabine;Cytarabine;8584.78;disponible
462;Levofloxacin;Levofloxacin;6050.72;disponible
463;Helixate FS;Antihemophilic Factor, Recombinant;5437.67;no disponible
464;Clonidine Hydrochloride;Clonidine Hydrochloride;2432.79;no disponible
465;STUDIO FOUNDATION SPF 15;OCTINOXATE and TITANIUM DIOXIDE;1473.88;disponible
466;Carboplatin;Carboplatin;6272.77;no disponible
467;No7 Lift and Luminate Foundation Sunscreen Broad Spectrum SPF 15 Ebony;Octinoxate;994.82;disponible
468;Anal Itch Ease;Fagopyrum, Croton , Aesculus, Sulphur , Kali sulph , Cina;3028.76;disponible
469;Allergen;Kali Gluconicum, Adrenalinum, Hepar, Pollen Allersode, Arsenicum Album, Phosphorus, Pulsatilla;2080.27;no disponible
470;Heparin Sodium;Heparin Sodium;1949.78;no disponible
471;Gabapentin;Gabapentin;8171.61;disponible
472;Nivea A Kiss of Protection Sun Protection Lip Care;Octinoxate, Octocrylene, Oxybenzone, Titanium Dioxide;2906.55;disponible
473;Pamine;methscopolamine bromide;7132.82;no disponible
474;ASPIRIN;ASPIRIN;7376.83;disponible
475;ASPIRIN;Aspirin;2916.83;disponible
476;TIAZAC;diltiazem hydrochloride;5716.59;no disponible
477;HYDROCODONE BITARTRATE AND ACETAMINOPHEN;HYDROCODONE BITARTRATE AND ACETAMINOPHEN;6918.59;disponible
478;Amoxicillin;Amoxicillin;3240.51;no disponible
479;Thompson Seedless Grape;Thompson Seedless Grape;6125.53;no disponible
480;Verapamil Hydrochloride;verapamil hydrochloride;3326.93;disponible
481;Pentasa;mesalamine;1944.44;disponible
482;Polvos de Sulpha;Bacitracin Zinc, Polymyxin B Sulfate;3789.63;no disponible
483;Mini Berry Lip Balm Cherry;OCTINOXATE, Titanium Dioxide;4147.45;no disponible
484;Hydrocortisone Acetate;HYDROCORTISONE ACETATE;1029.97;disponible
485;Nutra Nail FUNGI FREE Antifungal Treatment;UNDECYLENIC ACID;2706.36;no disponible
486;Earwax Removal Aid;Earwax Removal Aid;6367.13;disponible
487;Magnolia Blossom Scented Hand Sanitizer Anti-Bacterial;BENZETHONIUM CHLORIDE;6294.80;disponible
488;Quality Choice Maximum Strength Urinary Pain Relief;PHENAZOPYRIDINE HYDROCHLORIDE;4165.04;disponible
489;Inderal;propranolol hydrochloride;2104.36;disponible
490;Lovastatin;Lovastatin;7767.42;disponible
491;ESIKA HYDRACOLOR 2 IN 1 HIGHLY MOISTURIZING AND COLORING SPF 25;Octinoxate and Oxybenzone;7455.34;disponible
492;CVS Therapeutic Menthol Pain Reliever;MENTHOL;2765.64;disponible
493;Diltiazem Hydrochloride;Diltiazem Hydrochloride;7505.75;disponible
494;Childrens Plus Multi-Symptom Cold Grape;Childrens Tylenol Plus Multi-Symptom Cold;8004.93;no disponible
495;Clindamycin Hydrochloride;Clindamycin Hydrochloride;748.39;disponible
496;EndoPure Pro;L Arginine, Pineal, Pituitary, Progesteronium, Belladonna, Chelidonium Majus, Dioscorea Villosa, Folliculinum;7098.28;disponible
497;Pure and Gentle Laxative;sodium phosphate;5553.00;no disponible
498;FAMILY WELLNESS ANTIFUNGAL;CLOTRIMAZOLE;4762.11;no disponible
499;CEFTRIAXONE;CEFTRIAXONE;6703.21;no disponible
500;GenRx Daily Defense Antifungal;Miconazole Nitrate;9827.89;no disponible
501;Acetazolamide;Acetazolamide;6656.89;disponible
502;Calcium Acetate;Calcium Acetate;4797.94;no disponible
503;LIDODERM;LIDOCAINE;5151.69;disponible
504;STEMPHYLIUM SOLANI;STEMPHYLIUM SOLANI;6593.18;disponible
505;sunmark;Loratadine;4971.01;no disponible
506;Dutoprol;metoprolol succinate and hydrochlorothiazide;4989.40;no disponible
507;Up and Up Nicotine;Nicotine Polacrilex;6554.33;disponible
508;potassium phosphates;Potassium Phosphate, Monobasic and Potassium Phosphate, Dibasic;5641.58;disponible
509;BUSPIRONE HYDROCHLORIDE;BUSPIRONE HYDROCHLORIDE;3010.78;disponible
510;ATACAND HCT;Candesartan cilexetil and Hydrochlorothiazide;7999.86;disponible
511;PiGe ll Real Skin Neck Pack;SUS SCROFA SKIN;5600.78;disponible
512;Ceftazidime and Dextrose;CEFTAZIDIME;8935.00;no disponible
513;Jelly Bean Hand Sanitizer;ALCOHOL;2289.46;disponible
514;Go Smile;SODIUM MONOFLUOROPHOSPHATE;6292.72;no disponible
515;Hipoglos;Zinc Oxide and Lanolin;5939.96;no disponible
516;Diltiazem Hydrochloride;Diltiazem Hydrochloride;4598.78;disponible
517;LBEL COULEUR LUXE AMPLIFIER XP;Octinoxate and Oxybenzone;3158.46;disponible
518;LOreal Paris Advanced Suncare Invisible Protect Dry 15 Sunscreen Broad Spectrum SPF 15;Avobenzone, Octisalate and Octocrylene;4098.93;disponible
519;Antimicrobial;alcohol;905.64;no disponible
520;OXYGEN;OXYGEN;1173.44;no disponible
521;Sweet Gum;Sweet Gum;1555.09;disponible
522;Ibuprofen;Ibuprofen;7140.99;no disponible
523;MAPAP;Acetaminophen;5394.80;disponible
524;Celadrin;Menthol;5318.73;disponible
525;NU-DERM SYSTEM NORMAL-OILY;Hydroquinone, Octinoxate, and Zinc Oxide;3982.48;disponible
526;BareMinerals Dark Matte;Titanium Dioxide and Zinc Oxide;6625.95;no disponible
527;Azathioprine;Azathioprine;112.13;no disponible
528;Warfarin Sodium;Warfarin Sodium;3479.84;no disponible
529;Nivea A Kiss of Protection Sun Protection Lip Care;Octinoxate, Octocrylene, Oxybenzone, Titanium Dioxide;2702.80;no disponible
530;Bumetanide;Bumetanide;3417.49;disponible
531;Clearasil Ultra;Salicylic Acid;6661.47;no disponible
532;Alphaquin HP;Hydroquinone, Octinoxate, and Oxybenzone;2514.74;disponible
533;Jack Pine Pollen;Jack Pine Pollen;9404.39;no disponible
534;PLACENTA EX DEEP LINE;WITCH HAZEL;620.60;disponible
535;HAWAIIAN TROPIC;AVOBENZONE, OCTOCRYLENE;7063.15;no disponible
536;Olanzapine;Olanzapine;2894.10;no disponible
537;InterSol;Platelet Additive 3;2445.94;no disponible
538;Clindamycin hydrochloride;Clindamycin hydrochloride;3602.80;disponible
539;COSOPT PF;Dorzolamide Hydrochloride and Timolol Maleate;1398.60;disponible
540;Calcitriol;Calcitriol;7257.97;disponible
541;Propranolol Hydrochloride;Propranolol Hydrochloride;9082.09;disponible
542;CITY BASE COMPACT FOUNDATION;TITANIUM DIOXIDE;4213.96;no disponible
543;HELLO FLAWLESS OXYGEN WOW Broad Spectrum SPF 25 BRIGHTENING MAKEUP - IM PLUSH AND PRECIOUS;OCTINOXATE, TITANIUM DIOXIDE;4908.10;no disponible
544;Candesartan cilexetil;Candesartan cilexetil;9906.81;disponible
545;Triple Complex Brain Tonic;Calc phos, Kali phos, Nat mur;4215.85;no disponible
546;Pin-X;pyrantel pamoate;8441.91;no disponible
547;LBEL COULEUR LUXE AMPLIFIER XP;Octinoxate and Oxybenzone;1312.89;disponible
548;sunmark miconazole 7;Miconazole nitrate;9783.51;no disponible
549;anti diarrheal;Loperamide HCl;4043.98;no disponible
550;Mosquito;Mosquito;8355.10;no disponible
551;Nitrogen;Nitrogen;8190.32;disponible
552;LISINOPRIL AND HYDROCHLOROTHIAZIDE;LISINOPRIL AND HYDROCHLOROTHIAZIDE;5770.50;disponible
553;Aller-Chord A;Homeopathic Liquid;9810.89;no disponible
554;CUPRESSUS ARIZONICA POLLEN;Arizona Cypress;3343.37;no disponible
555;Betamethasone Valerate;betamethasone valerate;818.76;disponible
556;Medique CCP Caffeine Free;ACETAMINOPHEN, GUAIFENESIN, PHENYLEPHRINE HYDROCHLORIDE;7986.35;no disponible
557;Cockroach American;Cockroach American;3443.91;disponible
558;Bladder Kidney Meridian Opener;Apis Mellifica, Argentum Nitricum, Berberis Vulgaris, Cantharis, Equisetum Arvense, Kali Bichromicum, Lycopodium Clavatum;390.32;disponible
559;CLARINS Broad Spectrum SPF 15 Sunscreen Extra-Firming Foundation Tint 110;TITANIUM DIOXIDE;8008.13;no disponible
560;LBEL HYDRATESS;Octinoxate and Oxybenzone;9790.50;no disponible
561;Mucus Relief;Guaifenesin;7904.95;disponible
562;RUE21 Ocean Breeze Antibacterial Hand Sanitizer;ALCOHOL;1888.12;disponible
563;SEPIA OFFICINALIS;CUTTLEFISH;2817.69;no disponible
564;SKIN ERUPTIONS RUNNY NOSE;FERROUS IODIDE;5733.84;disponible
565;Phenytoin Sodium;phenytoin sodium;9779.00;no disponible
566;Clarinex-D 12 Hour;desloratadine and pseudoephedrine sulfate;3432.57;no disponible
567;Ondansetron;Ondansetron;574.82;disponible
568;Morphine Sulfate;Morphine Sulfate;664.26;no disponible
569;Lycoris Rubus brightening BB;OCTINOXATE, Titanium dioxide, Zinc oxide;2250.68;no disponible
570;Treatment Set TS333541;Treatment Set TS333541;3246.09;disponible
571;Han Honey Loquat Syrup;menthol;818.55;disponible
572;Topamax;topiramate;1590.73;disponible
573;Rx Act nasal four;Phenylephrine hydrochloride;8753.80;no disponible
574;TOURCIA NUTRI EMULSION;ALLANTOIN;6367.01;disponible
575;Therapeutic T Plus;Coal Tar;2077.29;disponible
576;Vancomycin Hydrochloride;VANCOMYCIN HYDROCHLORIDE;3486.96;disponible
577;Oxacillin;Oxacillin;6264.37;disponible
578;Paroxetine;Paroxetine Hydrochloride;6683.60;no disponible
579;Estring;estradiol;2023.72;disponible
580;Tamsulosin Hydrochloride;Tamsulosin Hydrochloride;1702.92;no disponible
581;zidovudine;zidovudine;7350.66;disponible
582;ACREMONIUM STRICTUM;ACREMONIUM STRICTUM;9149.05;no disponible
583;Prevail;alcohol;297.88;disponible
584;Dextroamphetamine Saccharate, Amphetamine Aspartate, Dextroamphetamine Sulfate and Amphetamine Suflate;Dextroamphetamine Saccharate, Amphetamine Asparatate, Dextroamphetamine Sulfate and Amphetamine Sulfate;582.07;no disponible
585;Neutrogena MoistureShine SPF20;Octinoxate, Octisalate, and Titanium Dioxide;1009.87;disponible
586;Olanzapine;Olanzapine;8875.38;disponible
587;GLIPIZIDE;GLIPIZIDE;1784.76;no disponible
588;PAROXETINE HYDROCHLORIDE;paroxetine hydrochloride;156.32;no disponible
589;PredniSONE;PredniSONE;1612.46;disponible
590;Niaspan;Niacin;2244.34;disponible
591;Herbion Naturals Mint Cough Drops;Menthol;1779.01;no disponible
592;Usana Active Calcium;CALCIUM CARBONATE, MAGNESIUM OXIDE, CHOLECALCIFEROL, CALCIUM CITRATE, and MAGNESIUM CITRATE;7957.97;disponible
593;Magnevist;gadopentetate dimeglumine;5691.07;no disponible
594;Nizatidine;nizatidine;7372.84;no disponible
595;Dexamethasone;dexamethasone;8576.57;disponible
596;Horse Epithelium;Horse Epithelium;7263.60;no disponible
597;ADVATE;Antihemophilic Factor, Human Recombinant;3733.68;no disponible
598;CRESTOR;Rosuvastatin calcium;8344.48;no disponible
599;Circulatone;Fagopyrum esculentum, Magnesia muriatica;2810.55;no disponible
600;Leg Cramp Away;Calc phos, Mag phos, Rhus tox , Nux vom , Citricidal extract;401.47;no disponible
601;Sheep Sorrel;Sheep Sorrel;1731.00;no disponible
602;SODIUM CHLORIDE;SODIUM CHLORIDE;9466.26;disponible
603;Arbonne Baby Care;OCTINOXATE, OCTISALATE, OXYBENZONE, and ZINC OXIDE;7696.43;disponible
604;Eco;Zinc Oxide;3049.17;disponible
605;Mesquite Pollen;Prosopis juliflora;1125.24;no disponible
606;Hemorrodil;PHENYLEPHRINE HYDROCHLORIDE and COCOA BUTTER;2673.61;disponible
607;Short/Giant Ragweed Mixture;Short/Giant Ragweed Mixture;2208.77;disponible
608;Aspirin;Aspirin;4333.15;no disponible
609;Amantadine Hydrochloride;Amantadine Hydrochloride;8388.17;disponible
610;Glipizide;glipizide;4666.86;disponible
611;Pantoprazole Sodium;pantoprazole sodium;5835.35;disponible
612;Pollens - Trees, Palo Verde Cercidium floridum;Palo Verde Cercidium floridum;7255.74;no disponible
613;GRANISETRON HYDROCHLORIDE;GRANISETRON HYDROCHLORIDE;4415.00;no disponible
614;Triglide;fenofibrate;7284.46;no disponible
615;Quadrydern;Hydrocortisone;1870.49;disponible
616;BANANA BOAT;AVOBENZONE, OCTOCRYLENE, OXYBENZONE;2654.57;disponible
617;acid reducer;Ranitidine;7558.67;no disponible
618;Med-I-San;Alkyl (68% C12, 32% C14) Dimethyl Ethylbenzyl Ammonium Chloride and Alkyl Dimethyl Benzyl Ammonium Chloride;7161.73;no disponible
619;Medicated Dandruff;Selenium sulfide;820.20;no disponible
620;Nitroglycerin In Dextrose;Nitroglycerin;4713.18;disponible
621;GUNA-LIVER;CEANOTHUS AMERICANUS LEAF - CHELIDONIUM MAJUS - CHIONANTHUS VIRGINICUS BARK - CHOLINE HYDROXIDE - COBALAMIN - CULVER ROOT - FUMARIC ACID - INOSITOL - LYCOPODIUM CLAVATUM SPORE - NIACIN - PORK LIVER -;5057.58;no disponible
622;Pollen Guard Grass Mix;Anthoxanthum odaratum;5444.91;disponible
623;Risk True;Aluminum Zirconium Trichlorohydrex Gly;7403.71;no disponible
624;Triadine;povidone-iodine;7484.22;disponible
625;ibuprofen;Ibuprofen;3253.04;disponible
626;INATAL ADVANCE;INATAL ADVANCE;8813.26;disponible
627;Prochlorperazine Maleate;Prochlorperazine Maleate;1647.77;no disponible
628;Methocarbamol;methocarbamol;1532.65;no disponible
629;leflunomide;leflunomide;8212.66;no disponible
630;PVP Prep Pad;Povidone-Iodine;6140.43;no disponible
631;Alcohol Prep pad;Isopropyl Alcohol;3664.12;no disponible
632;Stool Softener;DOCUSATE SODIUM;9846.28;disponible
633;UV LOCK FLOWER 3 PROOF SUN;OCTINOXATE, OCTISALATE, Zinc Oxide, Titanium Dioxide;4231.50;disponible
634;Amturnide;Aliskiren Hemifumarate and Amlodipine Besylate and Hydrochlorothiazide;7722.09;disponible
635;Omeprazole;omeprazole;7767.83;disponible
636;Povidone Iodine;povidone-iodine;4746.79;no disponible
637;ck one waterfresh face makeup spf 15;Titanium Dioxide;4004.67;no disponible
638;BD E-Z Scrub;Povidone-Iodine;1648.46;no disponible
639;Lip Smacker SPF 24 Strawberry Scoop;OCTINOXATE, OXYBENZONE;9461.85;disponible
640;ILLUMINATING DAILY MOISTURIZER;AVOBENZONE;4337.20;no disponible
641;GNP Calamine Topical Suspension;Calamine 8% and Zinc Oxide 8%;2709.99;no disponible
642;Sun Defense UVscreen SPF 48;Ensulizole Homosalate Octinoxate Octocrylene Zinc oxide;8465.81;disponible
643;RISPERIDONE;RISPERIDONE;8045.32;no disponible
644;Spartan E2 Hand Wash and Sanitizer;Benzalkonium Chloride;6556.07;disponible
645;Soft Care Neutra Germ Antibacterial;Triclosan;6593.08;no disponible
646;AVINZA;MORPHINE SULFATE;9885.17;disponible
647;Ephedrine;EPHEDRINE SULFATE;2464.69;disponible
648;Lexapro;ESCITALOPRAM OXALATE;4122.79;no disponible
649;Ticlopidine Hydrochloride;Ticlopidine Hydrochloride;7722.41;no disponible
650;STOOL SOFTENER;DOCUSATE SODIUM;3174.05;no disponible
651;DDF Mattifying Oil Control Moisturizer;Avobenzone, Homosalate, Octisalate, and Octocrylene;1700.54;no disponible
652;Ibuprofen (NSAID);Ibuprofen (NSAID);4020.61;disponible
653;Diovan;valsartan;6483.10;disponible
654;Fosphenytoin Sodium;Fosphenytoin Sodium;5932.56;disponible
655;LIVESTS Moist Liquid;TITANIUM DIOXIDE;8305.53;no disponible
656;Azithromycin;Azithromycin;8733.98;no disponible
657;TAXODIUM DISTICHUM POLLEN;Cypress Bald;7684.30;disponible
658;Glipizide and Metformin Hydrochloride;glipizide and metformin hydrochloride;1785.66;no disponible
659;Glumetza;metformin hydrochloride;5191.98;disponible
660;Acyclovir;ACYCLOVIR SODIUM;7998.71;disponible
661;Prednisolone Sodium Phosphate;Prednisolone Sodium Phosphate;5118.23;no disponible
662;Thioridazine Hydrochloride;Thioridazine Hydrochloride;7923.90;disponible
663;Sun Verbena Protective Body Protection SPF 15;OCTINOXATE, OCTISALATE, AVOBENZONE, OCTOCRYLENE;393.11;disponible
664;Marqibo;Vincristine Sulfate;4383.87;no disponible
665;Benicar;olmesartan medoxomil;1337.77;disponible
666;Doxycycline;Doxycycline;1611.48;no disponible
667;Roll On Anti-Perspirant (Alcohol Free);ALUMINUM CHLOROHYDRATE;221.34;disponible
668;Lorazepam;Lorazepam;166.67;no disponible
669;3 CONCEPT EYES GLOSSING WATERFUL FOUNDATION MILK IVORY;Titanium Dioxide;1306.74;disponible
670;Telmisartan and Hydrochlorothiazide;Telmisartan and Hydrochlorothiazide;7519.96;no disponible
671;Entecavir;entecavir;1374.97;no disponible
672;Antibacterial;Triclosan;4740.17;disponible
673;Summer Bisque Foundation SPF 20;Titanium Dioxide, Zinc Oxide;9649.01;disponible
674;Acyclovir;Acyclovir;3973.77;no disponible
675;Vasotec;Enalapril Maleate;2930.11;disponible
676;Aleve;NAPROXEN SODIUM;1803.36;disponible
677;APRISO;mesalamine;316.62;no disponible
678;Actos;pioglitazone hydrochloride;7732.16;disponible
679;ZANTAC;ranitidine hydrochloride;3145.99;no disponible
680;Zinc Sulfate;Zinc Sulfate;8971.70;disponible
681;DIMETHICONE and ZINC OXIDE;DIMETHICONE and ZINC OXIDE;3028.99;no disponible
682;Banana Boat Ultra Defense;Avobenzone, Homosalate, Octisalate, Octocrylene, Oxybenzone;8879.21;disponible
683;RICE FOOD;rice;5421.55;disponible
684;Natural Sunscreen Broad Spectrum SPF 30;Zinc Oxide;2274.08;no disponible
685;Sovaldi;SOFOSBUVIR;7776.14;no disponible
686;Nicotine;Nicotine;5678.18;disponible
687;Hemabate;carboprost tromethamine;3803.47;no disponible
688;Hydrochlorothiazide;Hydrochlorothiazide;6161.16;disponible
689;Meloxicam;Meloxicam;6303.34;no disponible
690;Pioglitazone hydrochloride and glimepiride;Pioglitazone hydrochloride and glimepiride;2369.22;no disponible
691;ZOLADEX;Goserelin acetate;6350.13;no disponible
692;FEXOFENADINE HYDROCHLORIDE;FEXOFENADINE HYDROCHLORIDE;1206.33;disponible
693;Mineral Oil;Mineral Oil;481.22;no disponible
694;Lidocaine HCl;Lidocaine HCl;2331.63;disponible
695;Digoxin;Digoxin;1098.43;no disponible
696;Topotecan;Topotecan;8665.51;disponible
697;Amiodarone Hydrochloride;amiodarone hydrochloride;1510.37;disponible
698;Moore Medical Extra Strength Non Aspirin;Acetaminophen;3929.76;disponible
699;Calming Dynamics Kit;Calming Testers;491.63;disponible
700;Maximum Strength Menstrual Relief;Acetaminophen, Caffeine and Pyrilamine maleate;6076.75;disponible
701;Mepivacaine;Mepivacaine Hydrochloride and Levonordefrin;7795.39;disponible
702;Temazepam;Temazepam;4273.64;disponible
703;Nifedipine;nifedipine;195.93;no disponible
704;Appetite and Weight with P.H.A.T.;Adrenalinum, Adrenocorticotrophin, Agrimonia eupatoria, flos, Anacardium orientale, Antimonium crudum, Calcarea carbonica, Castanea sativa, flos, Cortisone aceticum, Fucus vesiculosus, Hypothalamus, Kali bichromicum, Oleander, Pituitarum posterium, Sabadilla, Staphysagria, Thyroidinum;5255.33;no disponible
705;Premensa;Apis Mellifica, Chamomilla, Cimicifuga Racemosa, Cyclamen Europaeum, Helonias Dioca, Ignatia Amara, Lac Caninum, Lycopodium Clavatum, Natrum Muriaticum, Nux Vomica, Platinum Metallicum, Sepia;5720.65;disponible
706;Bryonia Eucalyptus Flu Relief;ACONITUM NAPELLUS ROOT BRYONIA CRETICA SUBSP. DIOICA ROOT EUPATORIUM CANNABINUM WHOLE FLOWERING CINCHONA OFFICINALIS BARK EUCALYPTUS GLOBULUS LEAF;7854.49;disponible
707;Viagra;sildenafil citrate;3197.40;disponible
708;Disney FAIRIES Antibacterial Hand Wipes;BENZALKONIUM CHLORIDE;663.69;no disponible
709;STERILUBE OINTMENT;PETROLATUM OPHTHALMIC OINTMENT;9617.61;disponible
710;ibuprofen;Ibuprofen;3414.29;disponible
711;METOPROLOL SUCCINATE;Metoprolol succinate;7070.85;disponible
712;care one allergy eye;Ketotifen Fumarate;923.58;no disponible
713;FRAXINUS VELUTINA POLLEN;Ash Arizona;8657.52;no disponible
714;Lovenox;enoxaparin sodium;4054.28;disponible
715;TetraStem;TETRACYCLINE HYDROCHLORIDE;8967.07;disponible
716;Ibutilide Fumarate;Ibutilide Fumarate;2719.25;no disponible
717;Bumetanide;Bumetanide;4575.36;no disponible
718;Adidas;Aluminum Zirconium Tetrachlorohydrex GLY;1821.13;disponible
719;Micardis;TELMISARTAN;4486.69;no disponible
720;Fast Freeze;MENTHOL;2450.03;disponible
721;Burr Oak;Burr Oak;7956.59;no disponible
722;FAMILY CARE CHILDRENS DECONGESTANT NOSE DROPS;PHENYLEPHRINE HYDROCHLORIDE;6260.59;no disponible
723;Megestrol Acetate;Megestrol Acetate;6232.78;disponible
724;Acyclovir;Acyclovir;9530.84;no disponible
725;CAREONE;ETHYL ALCOHOL;5670.96;disponible
726;Allergy;Diphenhydramine HCl;3898.54;no disponible
727;LORTUSS;Doxylamine Succinate, Pseudoephedrine Hydrochloride;3462.84;disponible
728;EQUALINE BLUE ICE PAIN RELIEVING;MENTHOL;5535.63;no disponible
729;Degree;Aluminum Zirconium Tetrachlorohydrex GLY;9152.13;disponible
730;Rifampin;Rifampin;9119.55;no disponible
731;Magnesium Citrate;Magnesium citrate;396.83;no disponible
732;Megestrol Acetate;Megestrol Acetate;1679.87;disponible
733;DG Health cold multi symptom;Acetaminophen, Dextromethorphan Hydrobromide, Guaifenesin, Phenylephrine Hydrochloride;3988.18;disponible
734;Influenza;Influenzinum (combo), Histaminum hydrochloricum, Aconitum nap., Aralia quinquefolia, Arsenicum alb., Baptisia, Bryonia, Cinchona, Eupatorium perf., Gelsemium, Ipecac., Kali carb., Nux vom., Phosphorus, Rhus toxicodendron, Echinacea;174.28;disponible
735;Pollens - Trees, Pecan Carya Carya illinoensis;Pecan Carya Carya illinoensis;72.92;no disponible
736;Erborian BB Creme Au Ginseng Dore;Titanium Dioxide;5712.42;no disponible
737;Amoxicillin and Clavulanate Potassium;Amoxicillin and Clavulanate Potassium;2307.10;disponible
738;CareOne Daytime Severe Cold and Cough;Acetaminophen, Dextromethorphan HBr and Phenylephrine HCL;9817.99;disponible
739;Aveeno Active Naturals Essential Moisture Lip Conditioner;Dimethicone;4725.19;no disponible
740;Diphenhydramine Hydrochloride;Diphenhydramine Hydrochloride;1265.62;disponible
741;Oxymorphone Hydrochloride;Oxymorphone Hydrochloride;7578.52;disponible
742;Ibuprofen;Ibuprofen;2420.56;no disponible
743;PYRETHRUM CINERARIIFOLIUM;PYRETHRUM CINERARIIFOLIUM;3776.50;disponible
744;Sheer Cover Mineral Foundation;ZINC OXIDE;1151.62;no disponible
745;Levofloxacin;Levofloxacin;8374.14;disponible
746;Atenolol;Atenolol;6394.34;disponible
747;Being Well Allergy Relief;Loratadine;1440.54;disponible
748;Steady Remedy No. 14;Aconitum napellus, Alfalfa, Argentum nitricum, Arsenicum album, Aurum metallicum, Avena sativa, Baryta carbonica, Calcarea phosphorica, Chamomilla, Gelsemium sempervirens, Glonoinum, Humulus lupulus, Ignatia amara, Kali arsenicosum, Kali phosphoricum, Muriaticum acidum, Natrum phosphoricum, Passiflora incarnata, Phosphorus, Staphysagria, Stramonium;9210.57;no disponible
749;Kochia;Kochia;7602.17;no disponible
750;Gas Relief;SIMETHICONE;6908.64;no disponible
751;Ceftazidime;Ceftazidime;7513.74;disponible
752;Chelidonium Curcuma Thuja;Chelidonium Curcuma Thuja;2582.37;no disponible
753;Oxygen;Oxygen;6157.32;no disponible
754;Metformin Hydrochloride;Metformin Hydrochloride;5554.88;disponible
755;diphenhydramine hydrochloride;diphenhydramine hydrochloride;2789.78;disponible
756;Tartar Control Plus;eucalyptol, menthol, methyl salicylate, thymol;5543.23;no disponible
757;Levoxyl;levothyroxine sodium;8680.48;no disponible
758;Ampicillin;ampicillin sodium;8716.63;no disponible
759;DIPYRIDAMOLE;DIPYRIDAMOLE;2193.58;disponible
760;Hevert Pain Relief;ARNICA MONTANA ROOT and TOXICODENDRON PUBESCENS SHOOT;4864.11;no disponible
761;THE FIRST WHITENING SLEEPING MASK;Glycerin;7402.36;no disponible
762;Hot Spot;capsaicin;1432.73;disponible
763;La RochePosay Laboratoire Dermatologique;Titanium dioxide;5465.61;disponible
764;Antacid;Aluminum Hydroxide, Magnesium Hydroxide, Simethicone;7880.96;disponible
765;FLUOXETINE;FLUOXETINE;8541.31;disponible
766;Millet;Millet;9181.54;disponible
767;Stay Awake;Caffeine;9582.74;disponible
768;QCare Oral Cleansing and Suctioning System, Q2;HYDROGEN PEROXIDE;5621.59;disponible
769;Dronabinol;Dronabinol;780.43;no disponible
770;Androderm;Testosterone;8672.59;disponible
771;Safeguard;Benzalkonium Chloride;8276.68;disponible
772;Amantadine Hydrochloride;amantadine hydrochloride;7582.08;disponible
773;RITE AID RENEWAL;PETROLATUM;9331.54;disponible
774;Nix Complete Maximum Strength Lice Elimination;Permethrin;5300.43;disponible
775;No7 Stay Perfect Foundation Compact Sunscreen SPF 15 Blonde;Octinoxate and Titanium Dioxide;1222.84;no disponible
776;Aspergillus flavus;Aspergillus flavus;920.98;disponible
777;Bupivacaine Hydrochloride;BUPIVACAINE HYDROCHLORIDE;6871.29;disponible
778;ANNUAL SALTBUSH POLLEN;atriplex wrightii pollen;512.24;no disponible
779;Prochlorperazine Maleate;prochlorperazine maleate;432.03;disponible
780;Pediatric Earache Remedy;Ear Drops;1694.79;disponible
781;Rompe Pecho;Dextromethorphan HBr, Guaifenesin;6139.45;disponible
782;CHAMOMILLA;CHAMOMILLA PLANT;6298.96;no disponible
783;napoleon PERDIS ADVANCED MINERAL MAKEUP BROAD SPECTRUM SPF 15 Look 3;TITANIUM DIOXIDE, ZINC OXIDE;8447.89;disponible
784;MUSE;Alprostadil;8160.48;no disponible
785;CELLBOOSTING HOMME;DIMETHICONE;1776.55;disponible
786;Risperidone;Risperidone;1087.53;no disponible
787;Good Neighbor Pharmacy;Bacitracin Zinc;2933.80;no disponible
788;Nighttime Sleep Aid;Diphenhydramine HCl;2742.39;no disponible
789;Granisetron Hydrochloride;Granisetron Hydrochloride;8913.61;no disponible
790;FLOVENT;fluticasone propionate;1594.61;no disponible
791;Hydralazine Hydrochloride;Hydralazine Hydrochloride;6955.05;no disponible
792;Night Time Original;Acetaminophen, Dextromethorphan Hydrobromide, Doxylamine Succinate;4461.40;disponible
793;zermat Wake Up CC Moisturizing Facial with Color Sunscreen Broad Spectrum SPF 30;OCTINOXATE, OCTISALATE, OCTOCRYLENE, TITANIUM DIOXIDE;9295.45;no disponible
794;Maalox;Aluminum hydroxide, Magnesium hydroxide, Simethicone;9217.63;disponible
795;Halobetasol Propionate;Halobetasol Propionate;2689.18;disponible
796;healthy accents cough and sore throat;Acetaminophen, Dextromethorphan HBr, Doxylamine Succinate;1627.77;disponible
797;Perphenazine;perphenazine;7556.12;disponible
798;Box Elder;Box Elder;3883.88;no disponible
799;Fludarabine phosphate;Fludarabine phosphate;2928.94;disponible
800;Benazepril Hydrochloride;Benazepril Hydrochloride;9390.70;disponible
801;RevitaDERM Wound Care;BENZALKONIUM CHLORIDE;4988.55;disponible
802;NAFCILLIN;NAFCILLIN;4622.58;disponible
803;Azithromycin;Azithromycin;7833.04;disponible
804;Modesa;Ethyl Alcohol;641.58;disponible
805;SEPHORA CC Care Color SPF 20 sunscreen;OCTINOXATE, OXYBENZONE;2282.66;disponible
806;Healing;Petrolatum;4411.14;disponible
807;Kiss My Face - Oat Protein Complex SPF 18;TITANIUM DIOXIDE, ZINC OXIDE;2728.78;disponible
808;KLOR-CON M;potassium chloride;5898.14;no disponible
809;Senna Plus;Senna Plus;6369.22;disponible
810;Nostrilla;Oxymetazoline Hydrochloride;1279.37;disponible
811;VertiFree;Bryonia , Cocculus, Gelsemium, Lobelia inf, Acacia gum, lactose, magnesium stearate, corn starch, sucrose;2217.53;no disponible
812;Tramadol Hydrochloride and Acetaminophen;tramadol hydrochloride and acetaminophen;3657.49;disponible
813;Bupivacaine Hydrochloride and Epinephrine;BUPIVACAINE HYDROCHLORIDE and EPINEPHRINE BITARTRATE;3160.47;disponible
814;Abridge Cold Sore Treatment;Camphor;335.68;no disponible
815;Oxcarbazepine;Oxcarbazepine;3421.28;disponible
816;KONSYL Original Formula Psyllium Fiber;PSYLLIUM HUSK;4451.87;disponible
817;Nitrofurantoin Oral Suspension;Nitrofurantoin;9465.97;disponible
818;Amitriptyline Hydrochloride;Amitriptyline Hydrochloride;5525.40;disponible
819;Anticoagulant Citrate Phosphate Dextrose (CPD) Blood-Pack Units in PL 146 Plastic;Anticoagulant Citrate Phosphate Dextrose (CPD);8620.53;no disponible
820;Gabapentin;Gabapentin;4225.68;no disponible
821;eye itch relief;Ketotifen Fumarate;1334.07;disponible
822;Sertraline Hydrochloride;Sertraline Hydrochloride;4288.16;disponible
823;Lyrica;PREGABALIN;5666.03;no disponible
824;Luzu;LULICONAZOLE;4624.42;disponible
825;Benztropine Mesylate;Benztropine Mesylate;1121.54;disponible
826;TRIZIVIR;abacavir sulfate, lamivudine, and zidovudine;673.07;no disponible
827;Metronidazole;METRONIDAZOLE;7949.24;no disponible
828;ReCreate Foundation;Octinoxate, Octisalate, and Oxybenzone;8160.61;no disponible
829;ADVIL;ibuprofen;6022.90;no disponible
830;Sunmark Nasal Decongestant;Pseudoephedrine HCl;3711.12;disponible
831;Ceftriaxone Sodium;Ceftriaxone Sodium;9909.60;disponible
832;TOPIRAMATE;TOPIRAMATE;6311.84;disponible
833;Arthritis Joints;Gnaphalium polycephalum, Berberis vulgaris, Cimicifuga racemosa, Cinchona officinalis, Colocynthis, Ledum palustre, Ranunculus bulbosus, Aesculus hippocastanum, Borax, Cuprum aceticum, Kali carbonicum;6521.53;no disponible
834;AMBRA GRISEA;AMBRA GRISEA;4977.97;no disponible
835;Naproxen Sodium;Naproxen Sodium;4041.03;no disponible
836;REFRESH TEARS;carboxymethylcellulose sodium;7688.29;disponible
837;Atorvastatin Calcium;atorvastatin calcium;7060.67;disponible
838;Sulwhasoo;OCTINOXATE, TITANIUM DIOXIDE, and ZINC OXIDE;9902.97;disponible
839;Crest 3D White;Sodium Fluoride;5800.39;disponible
840;Viscum Echinacea;Viscum Echinacea;7252.65;no disponible
841;Quinapril;Quinapril;429.42;no disponible
842;ACT Anticavity Fluoride Kids Spongebob;Sodium fluoride;786.54;no disponible
843;Pedipirox-4 Nail Kit;Ciclopirox;6020.50;disponible
844;Verapamil Hydrochloride;verapamil hydrochloride;1403.15;no disponible
845;Arsenicum Album Kit Refill;ARSENIC TRIOXIDE;7088.58;disponible
846;Etodolac;Etodolac;8788.77;no disponible
847;BOTANICAL VANILLA MAKEUP BASE;Titanium Dioxide, OCTINOXATE;2099.56;disponible
848;donepezil hydrochloride;donepezil hydrochloride;909.50;disponible
849;Pleo Poly K;streptococcus pneumoniae immunoserum rabbit and staphylococcus aureus immunoserum rabbit;9631.60;disponible
850;GLYBURIDE AND METFORMIN HYDROCHLORIDE;GLYBURIDE AND METFORMIN HYDROCHLORIDE;2955.90;no disponible
851;lisinopril;lisinopril;1980.54;no disponible
852;Colgate Advanced Sensitive Plus Whitening;SODIUM FLUORIDE and POTASSIUM NITRATE;6177.19;no disponible
853;REOROM;TITANIUM DIOXIDE;5195.56;no disponible
854;HOUSE DUST;House Dust;1129.16;disponible
855;Bodycology;Exotic Cherry;6782.35;no disponible
856;Methotrexate Sodium;Methotrexate Sodium;1726.18;disponible
857;Sheer Cover Shade Adapting Mineral Foundation;ZINC OXIDE;9479.76;disponible
858;Exuviance CoverBlend Concealing Treatment Makeup;TITANIUM DIOXIDE and ZINC OXIDE;3476.37;no disponible
859;Pork;Pork;1879.04;disponible
860;Amitriptyline Hydrochloride;Amitriptyline Hydrochloride;988.61;no disponible
861;Travel Ease;Meclizine HCl;6541.56;disponible
862;Haemonetics Additive Solution Formula 3 (AS-3);CITRIC ACID MONOHYDRATE, SODIUM PHOSPHATE, MONOBASIC, MONOHYDRATE, SODIUM CHLORIDE, ADENINE, ANHYDROUS DEXTROSE, TRISODIUM CITRATE DIHYDRATE;6076.29;no disponible
863;Dynashield;zinc oxide and dimethicone;1171.33;disponible
864;PureFe OB Plus;Ferrous Fumarate and Polysaccharide Iron Complex;8542.74;no disponible
865;Metoclopramide;Metoclopramide;4589.19;disponible
866;Verapamil Hydrochloride;verapamil hydrochloride;2801.00;disponible
867;Prednisolone;prednisolone;4637.02;no disponible
868;Fexofenadine Hydrochloride;Fexofenadine Hydrochloride;2903.33;no disponible
869;Anti-Aging Complex Eye Treatment;Octinoxate, Zinc Oxide;8769.83;no disponible
870;Moexipril Hydrochloride;Moexipril Hydrochloride;6601.66;no disponible
871;Treatment Set TS349162;Treatment Set TS349162;5695.41;disponible
872;24 Hour Allergy;Fexofenadine HCl;6066.88;no disponible
873;PETROLATUM;PETROLATUM;838.02;no disponible
874;Digoxin;Digoxin;5937.12;no disponible
875;Active 4;Hydroquinone;7015.58;disponible
876;Methotrexate Sodium;Methotrexate Sodium;785.08;no disponible
877;Ferralet 90;Iron, Folic Acid, Cyanocobalamin, Ascorbic acid, and Docusate Sodium;6209.48;disponible
878;Fioricet;Butalbital, Acetaminophen, and Caffeine;4989.43;no disponible
879;isosorbide mononitrate;isosorbide mononitrate;3837.02;no disponible
880;Bye Bye Diaper Rash;Diaper Rash Treatment;9424.77;disponible
881;Sertraline Hydrochloride;sertraline;9760.75;no disponible
882;Low Dose Miniprin;Aspirin;8203.77;no disponible
883;Methadone Hydrochloride;Methadone Hydrochloride;8542.38;disponible
884;Sodium Chloride;SODIUM CHLORIDE;896.76;disponible
885;FeverALL Adults;acetaminophen;6134.49;no disponible
886;Equate Tussin;Guaifenesin;5231.41;disponible
887;Androgel;Testosterone;2256.59;disponible
888;Moexipril Hydrochloride and Hydrochlorothiazide;Moexipril Hydrochloride and Hydrochlorothiazide;554.82;disponible
889;Calcium Acetate;Calcium Acetate;2357.78;disponible
890;ESIKA;Octinoxate, Oxybenzone, and Titanium Dioxide;4299.26;disponible
891;Stratuscare Milk of Magnesia;MAGNESIUM HYDROXIDE;4855.64;no disponible
892;Risperidone;Risperidone;606.40;no disponible
893;Carimune;HUMAN IMMUNOGLOBULIN G;9552.51;no disponible
894;Lamotrigine;Lamotrigine;6473.72;no disponible
895;FAMILY WELLNESS ADVANCED EYE DROPS;DEXTRAN 70, POLYETHYLENE GLYCOL 400, POVIDONE, TETRAHYDROZOLINE HCL;7450.99;no disponible
896;Sports For Trauma;Bellis Perennis, Hypericum Perfomatum,Toxicodendron Pubscens Leaf, Ruta Graveolens Flowering Top;5411.95;no disponible
897;allergy;Diphenhydramine Hydrochloride;4835.69;no disponible
898;SUN Tinted Solar Defense Organic SPF 30;Zinc Oxide;5046.97;no disponible
899;Shoulder/Arm Complex;Berberis vulgaris, Calcarea carbonica, Carboneum sulphuratum, Causticum, Cimicifuga racemosa, Cuprum aceticum, Ferrum metallicum, Kali phosphoricum, Ruta graveolens, Silicea, Spigelia anthelmia, Spiraea ulmaria;8508.31;no disponible
900;SKIN PROTECTANT;ALLANTOIN;2893.22;no disponible
901;Oxaliplatin;Oxaliplatin;9063.25;no disponible
902;NICOTINE;NICOTINE;8437.61;disponible
903;Carisoprodol and Aspirin;Carisoprodol and Aspirin;2440.62;disponible
904;Cefadroxil;Cefadroxil;9986.28;no disponible
905;Dandruff;Pyrithione Zinc;9511.56;disponible
906;CD DiorSkin Forever Compact Flawless Perfection Fusion Wear Makeup SPF 25 - 040;OCTINOXATE, TITANIUM DIOXIDE;7129.22;no disponible
907;Benazepril Hydrochloride and Hydrochlorothiazide;Benazepril Hydrochloride and Hydrochlorothiazide;2110.48;disponible
908;Promethazine Hydrochloride;Promethazine Hydrochloride;1979.87;disponible
909;Sani-Care;ALCOHOL;1481.49;no disponible
910;Lovastatin;Lovastatin;777.28;no disponible
911;Ibandronate Sodium;ibandronate sodium;9791.56;disponible
912;Instant Hand Sanitizer;ALCOHOL;9042.88;no disponible
913;Up and Up Bacitracin;Bacitracin;1250.00;no disponible
914;Triamcinolone Acetonide;Triamcinolone Acetonide;1119.94;no disponible
915;DesOwen;desonide;1252.72;disponible
916;health mart nasal decongestant pe;Phenylephrine Hydrochloride;7472.70;disponible
917;Healthy Accents Cold;Acetaminophen, Dextromethorphan Hydrobromide, Phenylephrine Hydrochloride;5060.89;disponible
918;CLONIDINE HYDROCHLORIDE;clonidine hydrochloride;2135.45;no disponible
919;XtraCare Hand Sanitizer;Ethyl Alcohol;4041.20;no disponible
920;Carisoprodol;Carisoprodol;7384.82;no disponible
921;Famciclovir;Famciclovir;3342.47;disponible
922;NO-AD 60 Sunscreen;avobenzone, homosalate, octisalate, oxybenzone;743.85;no disponible
923;Megestrol Acetate;Megestrol Acetate;1565.92;disponible
924;Scorodite Saccharum Special Order;Scorodite Saccharum Special Order;2665.46;disponible
925;topcare childrens mucus relief multi symptom cold;dextromethorphan HBr, guaifenesin, phenylephrine HCl;1730.91;no disponible
926;DawnMist Fluoride;SODIUM MONOFLUOROPHOSPHATE;9363.07;disponible
927;Pert Plus Dandruff Plus;Pyrithione Zinc;2710.98;no disponible
928;GENTAMICIN SULFATE;gentamicin sulfate;382.93;disponible
929;Best Choice Bisacodyl Laxative;BISACODYL;1552.57;disponible
930;Chills and Fevers;Sodium Cation;7948.56;disponible
931;Penicilium chrysogenum;Penicilium chrysogenum;5919.67;no disponible
932;Tussin DM Max;Dextromethorphan HBr, Guaifenesin;7639.45;no disponible
933;Acetaminophen And Codeine;acetaminophen and codeine phosphate;6703.09;no disponible
934;Bupropion Hydrochloride;Bupropion Hydrochloride;917.34;disponible
935;LEADER EYE ITCH RELIEF DROPS;KETOTIFEN FUMARATE;6650.83;disponible
936;mally Lip Defender;AVOBENZONE, OCTINOXATE;52.97;no disponible
937;Olanzapine;Olanzapine;343.22;disponible
938;Mineral Wear Talc-Free Mineral Face Powder;Titanium Dioxide, Zince Oxide;7360.46;no disponible
939;Naproxen;Naproxen;4711.24;disponible
940;LIDOCAINE AND PRILOCAINE;LIDOCAINE AND PRILOCAINE;1083.09;no disponible
941;Tetracycline Hydrochloride;Tetracycline Hydrochloride;7312.14;no disponible
942;miconazole 7;Miconazole nitrate;6093.09;no disponible
943;Adapalene;Adapalene;3127.21;disponible
944;Levatol;penbutolol sulfate;1962.47;no disponible
945;diphenhydramine hydrochloride;diphenhydramine hydrochloride;8805.81;no disponible
946;NU-DERM SYSTEM NORMAL-DRY;Hydroquinone, Octinoxate, and Zinc Oxide;3323.03;disponible
947;Metaxalone;Metaxalone;7948.22;disponible
948;Liposyn II;SAFFLOWER OIL, SOYBEAN OIL, and EGG PHOSPHOLIPIDS;1923.88;no disponible
949;ANTIPYRINUM;ANTIPYRINUM;8293.80;no disponible
950;EXTRA STRENGTH STOOL SOFTENER LAXATIVE;DOCUSATE SODIUM;952.17;no disponible
951;ZONISAMIDE;ZONISAMIDE;8231.10;disponible
952;Senna-Lax;SENNOSIDES A AND B;6450.84;disponible
953;healthy accents daytime cold and flu;Acetaminophen, Dextromethorphan Hydrobromide, Phenylephrine Hydrochloride;2574.04;no disponible
954;Mag Phos;Magnesia phosphorica,;545.47;disponible
955;PLANTAGO LANCEOLATA POLLEN;Plantain English;6298.56;disponible
956;Risperidone;Risperidone;1051.05;no disponible
957;Chlorhexidine Gluconate;Chlorhexidine Gluconate;3515.52;disponible
958;Metronidazole;Metronidazole;6041.60;no disponible
959;Herbion Naturals Orange;Menthol;7119.22;no disponible
960;Oral Analgesic;Benzocaine;1783.78;disponible
961;Glimepiride;Glimepiride;2328.78;no disponible
962;Iman Skin Tone Evener BB SPF 15;OXYBENZONE;1594.95;disponible
963;Allopurinol;Allopurinol;2018.02;no disponible
964;Benzoyl Peroxide;Benzoyl Peroxide;8151.54;no disponible
965;Panatuss;Dexbrompheniramine Maleate, Dextromethorphan, Phenylephrine;4573.77;disponible
966;Metoprolol Succinate;Metoprolol Succinate;1475.84;disponible
967;Herbion Naturals;Menthol;8801.86;disponible
968;Gas Relief;SIMETHICONE;8750.95;no disponible
969;Dulcolax;Bisacodyl;1550.08;disponible
970;TUMS;calcium carbonate;7992.12;disponible
971;JOHNSON GRASS POLLEN;sorghum halepense pollen;173.63;disponible
972;No7 Protect and Perfect Foundation Sunscreen Broad Spectrum SPF 15 Wheat;OCTINOXATE;8120.70;no disponible
973;Tamsulosin Hydrochloride;Tamsulosin Hydrochloride;2280.78;no disponible
974;Nitrogen;Nitrogen;5602.96;disponible
975;Amlodipine and Atorvastatin;amlodipine and atorvastatin;2535.11;no disponible
976;Melissa Cold Sore Relief;Melissa Cold Sore Relief;2217.00;disponible
977;Lovastatin;Lovastatin;6141.91;disponible
978;Dexamethasone Sodium Phosphate;DEXAMETHASONE SODIUM PHOSPHATE;1831.31;no disponible
979;Sumatriptan Succinate;Sumatriptan Succinate;4007.12;no disponible
980;Ibuprofen;Ibuprofen;5114.67;disponible
981;Zonegran;zonisamide;4876.70;no disponible
982;Intestinal Distress;NOT APPLICABLE;2359.11;no disponible
983;Irbesartan;Irbesartan;9020.30;disponible
984;Primaquine Phosphate;Primaquine Phosphate;1447.84;disponible
985;Bodycology;Enchanted Forest;6721.03;no disponible
986;Levothyroxine Sodium;Levothyroxine Sodium;2176.80;no disponible
987;GENOTROPIN;somatropin;9554.24;disponible
988;Keflex;cephalexin;9609.23;no disponible
989;Etodolac;Etodolac;1396.10;disponible
990;HYDROCORTISONE ACETATE;Hydrocortisone Acetate;8853.25;disponible
991;Dexamethasone;Dexamethasone;7093.81;no disponible
992;Prochlorperazine Maleate;Prochlorperazine Maleate;4927.67;disponible
993;oxycodone hydrochloride;oxycodone hydrochloride;5831.68;no disponible
994;Necon 10/11;Norethindrone and Ethinyl Estradiol Tablets;2868.38;disponible
995;Dextrose;DEXTROSE MONOHYDRATE;9555.67;no disponible
996;Niaspan;Niacin;7279.76;disponible
997;Eszopiclone;eszopiclone;3175.08;disponible
998;Hydrocortisone;hydrocortisone;1476.01;disponible
999;First Aid Macimum Sterngth Bacitraycin Plus;Bacitracin;7332.65;no disponible
1000;Attention Span;Aconite 30c, Aesculus 30c, Belladonna 30c, Bovista 30c, Hepar Sulph 30c, Hyoscyamus 30c, Ignatia 30c, Silicea 30c, Sticta 30c;6117.15;no disponible
