﻿id_mascota;idusuario;idhistorial;idfarmacia;idturno;nombre;tipo;raza;fecha_nac;peso
1;1;1;1;1;Hollis;Black-tailed prairie dog;Cynomys ludovicianus;2018-05-19;30,9
2;2;2;2;2;Alf;Springhare;Pedetes capensis;2019-02-01;3,9
3;3;3;3;3;Eustace;American marten;Martes americana;2018-03-10;59,8
4;4;4;4;4;Tremaine;Malagasy ground boa;Acrantophis madagascariensis;2017-12-28;28,9
5;5;5;5;5;Melisande;African buffalo;Snycerus caffer;2017-03-13;58,5
6;6;6;6;6;Roscoe;Pelican, eastern white;Pelecans onocratalus;2018-03-31;70,1
7;7;7;7;7;Jens;Cat, miner's;Bassariscus astutus;2021-12-07;43,2
8;8;8;8;8;Sarene;Coatimundi, ring-tailed;Nasua nasua;2021-06-12;20
9;9;9;9;9;Lew;Bent-toed gecko;Cyrtodactylus louisiadensis;2020-07-26;35,2
10;10;10;10;10;Dorthea;Southern screamer;Chauna torquata;2017-06-13;38,3
11;11;11;11;11;Elsie;Gecko (unidentified);unavailable;2020-12-16;37,8
12;12;12;12;12;Keene;Loris, slender;Loris tardigratus;2020-05-12;26,8
13;13;13;13;13;Lynna;Galapagos dove;Zenaida galapagoensis;2022-01-07;74,7
14;14;14;14;14;Simone;Tarantula;Lasiodora parahybana;2021-07-01;60,9
15;15;15;15;15;Corella;Turtle, snake-necked;Chelodina longicollis;2022-03-19;61,1
16;16;16;16;16;Crista;Green vine snake;Oxybelis fulgidus;2021-05-12;89,4
17;17;17;17;17;Boot;Galapagos penguin;Spheniscus mendiculus;2019-04-16;15,7
18;18;18;18;18;Elisha;Guanaco;Lama guanicoe;2019-05-30;89,5
19;19;19;19;19;Dean;Weaver, sociable;Philetairus socius;2017-12-11;17,1
20;20;20;20;20;Tucky;Grey phalarope;Phalaropus fulicarius;2017-11-12;54,2
21;21;21;21;21;Tommy;Brocket, red;Mazama americana;2019-10-17;81,9
22;22;22;22;22;Perl;Elephant, african;Loxodonta africana;2020-10-27;45,8
23;23;23;23;23;Crosby;Peacock, indian;Pavo cristatus;2019-04-30;76,1
24;24;24;24;24;Harrie;Great egret;Casmerodius albus;2019-12-18;32,6
25;25;25;25;25;Magda;Western spotted skunk;Spilogale gracilis;2017-10-23;28,7
26;26;26;26;26;Darla;Dove, rock;Columba livia;2021-04-15;14,6
27;27;27;27;27;Ferrell;Little brown dove;Streptopelia senegalensis;2018-01-30;68,3
28;28;28;28;28;Aridatha;Tern, arctic;Sterna paradisaea;2020-06-29;73,4
29;29;29;29;29;Gusta;Brown and yellow marshbird;Pseudoleistes virescens;2022-04-04;35,1
30;30;30;30;30;Chantal;Collared lizard;Crotaphytus collaris;2021-10-19;14,1
31;31;31;31;31;Seth;Hawk, red-tailed;Buteo jamaicensis;2019-06-14;56,8
32;32;32;32;32;Kilian;Knob-nosed goose;Sarkidornis melanotos;2019-04-15;60,1
33;33;33;33;33;Quent;Quoll, eastern;Dasyurus viverrinus;2019-05-20;56,2
34;34;34;34;34;Kass;Kiskadee, great;Pitangus sulphuratus;2020-11-25;80,7
35;35;35;35;35;Jeffry;Gull, silver;Larus novaehollandiae;2018-01-31;41,8
36;36;36;36;36;Thalia;Common grenadier;Uraeginthus granatina;2018-10-30;22,8
37;37;37;37;37;Minda;Eagle, african fish;Haliaetus vocifer;2018-02-23;91,5
38;38;38;38;38;Cullin;Bat-eared fox;Otocyon megalotis;2017-12-27;55
39;39;39;39;39;Sasha;Otter, brazilian;Pteronura brasiliensis;2020-06-18;52,6
40;40;40;40;40;Joete;Fat-tailed dunnart;Smithopsis crassicaudata;2018-04-04;19,6
41;41;41;41;41;Moyna;Booby, blue-footed;Sula nebouxii;2017-10-04;52,7
42;42;42;42;42;Edward;Peccary, white-lipped;Tayassu pecari;2018-07-16;38,9
43;43;43;43;43;Roldan;Hummingbird (unidentified);unavailable;2019-12-26;75,9
44;44;44;44;44;Ashlan;Sloth, two-toed;Choloepus hoffmani;2017-06-07;94,6
45;45;45;45;45;Merwyn;Northern phalarope;Phalaropus lobatus;2020-11-24;69
46;46;46;46;46;Carma;Western palm tanager (unidentified);unavailable;2021-10-22;16,8
47;47;47;47;47;Mahalia;Bare-faced go away bird;Lorythaixoides concolor;2020-05-17;80,1
48;48;48;48;48;Marielle;Asian water buffalo;Bubalus arnee;2018-07-14;73,3
49;49;49;49;49;Oona;Sparrow, house;Passer domesticus;2021-06-28;31,6
50;50;50;50;50;Vassili;Slender-billed cockatoo;Cacatua tenuirostris;2020-07-20;33,4
51;51;51;51;51;Hillery;Hoffman's sloth;Choloepus hoffmani;2019-10-26;14,4
52;52;52;52;52;Tedmund;Red-tailed phascogale;Phascogale calura;2019-10-17;84,4
53;53;53;53;53;Olympia;Striped dolphin;Stenella coeruleoalba;2017-02-27;6
54;54;54;54;54;Grannie;Deer, spotted;Axis axis;2017-06-14;43,1
55;55;55;55;55;My;Fairy penguin;Eudyptula minor;2017-06-15;90,2
56;56;56;56;56;Lucais;Brown and yellow marshbird;Pseudoleistes virescens;2019-12-10;25,7
57;57;57;57;57;Quintilla;Small-spotted genet;Genetta genetta;2021-03-20;66,4
58;58;58;58;58;Yalonda;Chuckwalla;Sauromalus obesus;2021-05-12;90,8
59;59;59;59;59;Niki;Squirrel, palm;Funambulus pennati;2018-03-12;58,4
60;60;60;60;60;Bernadette;Swallow (unidentified);unavailable;2022-04-23;90
61;61;61;61;61;Rosemary;Dingo;Canis dingo;2020-06-19;59,9
62;62;62;62;62;Rozalin;Roan antelope;Hippotragus equinus;2017-08-04;83,2
63;63;63;63;63;Cindee;Large cormorant;Phalacrocorax carbo;2021-01-02;7
64;64;64;64;64;Brewer;Pied kingfisher;Ceryle rudis;2022-04-15;34,2
65;65;65;65;65;Lea;Frilled lizard;Chlamydosaurus kingii;2019-12-11;14,8
66;66;66;66;66;Carleen;White-cheeked pintail;Anas bahamensis;2020-03-30;40,1
67;67;67;67;67;Rosalia;White-fronted bee-eater;Merops bullockoides;2020-05-20;80,3
68;68;68;68;68;Kellby;Puma;Felis concolor;2020-03-09;72,4
69;69;69;69;69;Valentino;Desert kangaroo rat;Dipodomys deserti;2019-05-12;94,8
70;70;70;70;70;Meryl;Bald eagle;Haliaeetus leucocephalus;2021-01-18;99,2
71;71;71;71;71;Marmaduke;Cow, scottish highland;Bos taurus;2020-10-12;75
72;72;72;72;72;Stephine;Oriental white-backed vulture;Gyps bengalensis;2019-03-08;80,9
73;73;73;73;73;Pietro;Tern, arctic;Sterna paradisaea;2019-06-18;39
74;74;74;74;74;Raina;Malachite kingfisher;Corythornis cristata;2019-12-16;48,8
75;75;75;75;75;Ashlee;Grey heron;Ardea cinerea;2017-04-26;78,7
76;76;76;76;76;Constantin;Caracara (unidentified);unavailable;2020-05-20;96,7
77;77;77;77;77;Tiebout;Colobus, black and white;Colobus guerza;2017-03-17;22,7
78;78;78;78;78;Willdon;Eland, common;Taurotagus oryx;2018-04-30;1,1
79;79;79;79;79;Erminia;Marine iguana;Amblyrhynchus cristatus;2018-08-28;15,8
80;80;80;80;80;Hamlin;Mongoose, eastern dwarf;Helogale undulata;2020-11-09;85,7
81;81;81;81;81;Cletis;Galapagos albatross;Diomedea irrorata;2018-03-27;33
82;82;82;82;82;Lisette;Bear, grizzly;Ursus arctos;2019-05-12;14,1
83;83;83;83;83;Magdalena;Hyrax;Dendrohyrax brucel;2020-02-21;64,1
84;84;84;84;84;Desdemona;Yellow-crowned night heron;Nyctanassa violacea;2019-06-12;19,1
85;85;85;85;85;Charlena;Glossy ibis;Plegadis falcinellus;2017-03-07;47,7
86;86;86;86;86;Rolf;Great egret;Casmerodius albus;2019-09-06;63,5
87;87;87;87;87;Timotheus;Shrike, common boubou;Laniarius ferrugineus;2021-08-21;75
88;88;88;88;88;Renate;Curve-billed thrasher;Toxostoma curvirostre;2019-12-19;21,8
89;89;89;89;89;Ansley;Bird, magnificent frigate;Fregata magnificans;2019-01-30;72,4
90;90;90;90;90;Chane;White-fronted bee-eater;Merops bullockoides;2018-03-03;71,9
91;91;91;91;91;Maryjane;Bear, american black;Ursus americanus;2018-04-06;39,6
92;92;92;92;92;Bettye;Starfish, crown of thorns;Acanthaster planci;2020-11-20;74,7
93;93;93;93;93;Vitoria;Tapir, brazilian;Tapirus terrestris;2022-01-26;59,8
94;94;94;94;94;Iain;Ring-tailed possum;Pseudocheirus peregrinus;2020-06-07;8,6
95;95;95;95;95;Karoline;Yellow-crowned night heron;Nyctanassa violacea;2021-03-02;34,4
96;96;96;96;96;Allys;Heron, green;Butorides striatus;2022-02-12;54,1
97;97;97;97;97;Leyla;American marten;Martes americana;2020-08-29;68,2
98;98;98;98;98;Marcelline;Jackal, indian;Canis aureus;2020-05-09;78,6
99;99;99;99;99;Bo;Lemur, grey mouse;Microcebus murinus;2021-05-19;84,6
100;100;100;100;100;Aluin;Bustard, denham's;Neotis denhami;2020-10-17;77,7
101;101;101;101;101;Ellene;Black-fronted bulbul;Pycnonotus nigricans;2022-05-14;8,1
102;102;102;102;102;Easter;Phascogale, red-tailed;Phascogale calura;2021-05-02;26
103;103;103;103;103;Nickie;European beaver;Castor fiber;2020-08-17;38,6
104;104;104;104;104;Carmelle;Yellow-brown sungazer;Cordylus giganteus;2022-02-09;65,6
105;105;105;105;105;Helena;Gerenuk;Litrocranius walleri;2020-02-20;11,6
106;106;106;106;106;Stevena;Hare, arctic;Lepus arcticus;2018-10-18;87,8
107;107;107;107;107;Carmine;Python (unidentified);unavailable;2020-11-08;77,9
108;108;108;108;108;Redd;Crab, sally lightfoot;Graspus graspus;2021-11-21;27,3
109;109;109;109;109;Wolf;Fox, pampa gray;Pseudalopex gymnocercus;2017-06-18;67,1
110;110;110;110;110;Aeriell;Deer, swamp;Cervus duvauceli;2021-11-28;57,7
111;111;111;111;111;Purcell;Mountain lion;Felis concolor;2018-03-12;66,2
112;112;112;112;112;Poppy;Black-capped capuchin;Cebus apella;2021-05-09;31,4
113;113;113;113;113;Aldis;Stilt, black-winged;Himantopus himantopus;2019-12-14;64
114;114;114;114;114;Clemmy;Australian magpie;Gymnorhina tibicen;2017-09-19;85,1
115;115;115;115;115;Adele;Baleen whale;Eubalaena australis;2019-11-04;48,8
116;116;116;116;116;Donall;Little heron;Butorides striatus;2019-09-29;66,9
117;117;117;117;117;Noni;Bushbuck;Tragelaphus scriptus;2021-01-02;90,4
118;118;118;118;118;Garwood;Chuckwalla;Sauromalus obesus;2021-03-05;97,8
119;119;119;119;119;Kennett;Pied cormorant;Phalacrocorax varius;2018-02-19;69,2
120;120;120;120;120;Ailsun;Lion, african;Panthera leo;2019-11-03;25
121;121;121;121;121;Rabi;Laughing dove;Streptopelia senegalensis;2019-11-14;68,1
122;122;122;122;122;Torre;Brown pelican;Pelecanus occidentalis;2021-09-09;55,6
123;123;123;123;123;Melany;Denham's bustard;Neotis denhami;2018-02-28;57,4
124;124;124;124;124;Roderigo;Gaur;Bos frontalis;2021-10-03;16
125;125;125;125;125;Lavena;Lappet-faced vulture;Aegypius tracheliotus;2021-01-06;54,6
126;126;126;126;126;Stillmann;Boubou, southern;Laniarius ferrugineus;2019-03-11;75,5
127;127;127;127;127;Killian;Lilac-breasted roller;Coracias caudata;2021-02-25;3,8
128;128;128;128;128;Jobie;Tropical buckeye butterfly;Junonia genoveua;2021-12-01;69
129;129;129;129;129;Alexis;African darter;Anhinga rufa;2019-04-26;71,4
130;130;130;130;130;Cori;Sifaka, verreaux's;Propithecus verreauxi;2019-08-10;47,6
131;131;131;131;131;Artair;Greater roadrunner;Geococcyx californianus;2021-11-19;5,1
132;132;132;132;132;Cynthy;Brown and yellow marshbird;Pseudoleistes virescens;2018-09-15;99,4
133;133;133;133;133;Barbey;Zebra, common;Equus burchelli;2018-04-07;60,7
134;134;134;134;134;Heall;Vulture, white-rumped;Gyps bengalensis;2017-05-21;93,8
135;135;135;135;135;Cristiano;Wombat, common;Vombatus ursinus;2022-04-10;19,3
136;136;136;136;136;Dena;Wallaby, whip-tailed;Macropus parryi;2020-05-12;54,4
137;137;137;137;137;Antonius;Black rhinoceros;Diceros bicornis;2017-10-16;31
138;138;138;138;138;Veronica;Mexican boa;Boa constrictor mexicana;2018-05-13;99,3
139;139;139;139;139;Shelton;Guerza;Colobus guerza;2021-03-14;10,4
140;140;140;140;140;Carry;Common shelduck;Tadorna tadorna;2019-07-03;51,9
141;141;141;141;141;Kelcey;Wallaby, tammar;Macropus eugenii;2022-04-22;59,7
142;142;142;142;142;Bevan;Tern, arctic;Sterna paradisaea;2020-09-06;8,8
143;143;143;143;143;Estrellita;Coatimundi, ring-tailed;Nasua nasua;2017-08-24;25,8
144;144;144;144;144;Adam;Weeper capuchin;Cebus nigrivittatus;2021-05-11;50,7
145;145;145;145;145;Henrik;Common langur;Semnopithecus entellus;2019-04-01;5,4
146;146;146;146;146;Suzy;White-cheeked pintail;Anas bahamensis;2021-05-27;72,4
147;147;147;147;147;Wendell;Swamp deer;Cervus duvauceli;2021-09-29;28,6
148;148;148;148;148;Brade;Coatimundi, white-nosed;Nasua narica;2021-01-08;22,2
149;149;149;149;149;Norry;House sparrow;Passer domesticus;2020-05-11;89,2
150;150;150;150;150;Darci;Snake, tiger;Notechis semmiannulatus;2020-02-16;72,1
151;151;151;151;151;Christan;Lilac-breasted roller;Coracias caudata;2021-08-23;79,1
152;152;152;152;152;Brice;Puna ibis;Plegadis ridgwayi;2022-03-02;62,9
153;153;153;153;153;Evangelina;Gray langur;Semnopithecus entellus;2020-12-30;74,3
154;154;154;154;154;Pietra;Aardwolf;Proteles cristatus;2020-11-14;14,6
155;155;155;155;155;Ker;Smith's bush squirrel;Paraxerus cepapi;2021-03-06;11,8
156;156;156;156;156;Banky;Possum, common brushtail;Trichosurus vulpecula;2021-11-01;46,6
157;157;157;157;157;Kevan;Bulbul, black-fronted;Pycnonotus nigricans;2021-08-23;69,6
158;158;158;158;158;Mariska;Ass, asiatic wild;Equus hemionus;2018-12-30;79,9
159;159;159;159;159;Charmian;Bison, american;Bison bison;2020-12-30;73,1
160;160;160;160;160;Rudd;Black-crowned crane;Balearica pavonina;2021-09-15;43,5
161;161;161;161;161;Blanch;Stork, greater adjutant;Leptoptilus dubius;2021-07-11;46,8
162;162;162;162;162;Valentijn;Madagascar hawk owl;Ninox superciliaris;2017-08-11;78,9
163;163;163;163;163;Karena;Magpie, black-backed;Gymnorhina tibicen;2022-03-11;66,8
164;164;164;164;164;Marla;Otter, oriental short-clawed;Aonyx cinerea;2020-03-08;29,9
165;165;165;165;165;Allan;Hippopotamus;Hippopotamus amphibius;2018-04-09;32,9
166;166;166;166;166;Kendal;African polecat;Ictonyx striatus;2021-07-21;64,2
167;167;167;167;167;Nobe;Malagasy ground boa;Acrantophis madagascariensis;2022-02-25;4
168;168;168;168;168;Amos;Pheasant, common;Phasianus colchicus;2021-10-20;78
169;169;169;169;169;Thorn;Kalahari scrub robin;Certotrichas paena;2018-04-23;74,9
170;170;170;170;170;Allen;Leadbeateri's ground hornbill;Bucorvus leadbeateri;2019-07-11;23,2
171;171;171;171;171;Camellia;Gull, pacific;Gabianus pacificus;2021-05-02;16,6
172;172;172;172;172;Datha;Snake, western patch-nosed;Salvadora hexalepis;2021-06-16;41,9
173;173;173;173;173;Coreen;Klipspringer;Oreotragus oreotragus;2020-09-12;46,5
174;174;174;174;174;Kevyn;Dog, raccoon;Nyctereutes procyonoides;2018-08-19;22,8
175;175;175;175;175;Odelia;Barbet, levaillant's;Trachyphonus vaillantii;2017-10-19;83,4
176;176;176;176;176;Willy;Pelican, great white;Pelecans onocratalus;2020-05-27;37,1
177;177;177;177;177;Ninnette;Pintail, white-cheeked;Anas bahamensis;2020-12-31;70,4
178;178;178;178;178;Dyanna;Gorilla, western lowland;Gorilla gorilla;2018-06-14;29,1
179;179;179;179;179;Cora;Cheetah;Acinynox jubatus;2017-11-26;8,9
180;180;180;180;180;Frederique;Stilt, black-winged;Himantopus himantopus;2020-03-06;21,5
181;181;181;181;181;Clevie;Butterfly, canadian tiger swallowtail;Papilio canadensis;2019-02-26;5,7
182;182;182;182;182;Adiana;Field flicker;Colaptes campestroides;2018-01-18;55,6
183;183;183;183;183;Bennett;Pied crow;Corvus albus;2019-09-26;17,8
184;184;184;184;184;Terrye;Musk ox;Ovibos moschatus;2021-05-20;16,1
185;185;185;185;185;Karylin;Western pygmy possum;Cercatetus concinnus;2021-01-02;35,4
186;186;186;186;186;Johny;Magellanic penguin;Spheniscus magellanicus;2018-10-22;68,1
187;187;187;187;187;Corri;African pied wagtail;Motacilla aguimp;2018-10-09;23,1
188;188;188;188;188;Roscoe;Sambar;Cervus unicolor;2020-09-05;70,7
189;189;189;189;189;Tobin;Kangaroo, black-faced;Macropus fuliginosus;2018-11-17;21,3
190;190;190;190;190;Whittaker;Mountain lion;Felis concolor;2020-05-26;36,9
191;191;191;191;191;Amory;Gelada baboon;Theropithecus gelada;2020-10-20;29
192;192;192;192;192;Norbie;Crake, african black;Limnocorax flavirostra;2020-08-18;47,8
193;193;193;193;193;Jerrilee;Jackal, indian;Canis aureus;2017-06-07;52,1
194;194;194;194;194;Mignonne;Steenbok;Raphicerus campestris;2018-02-26;54,5
195;195;195;195;195;Clarita;Bleu, red-cheeked cordon;Uraeginthus bengalus;2020-06-21;9,2
196;196;196;196;196;Kendell;Western pygmy possum;Cercatetus concinnus;2019-03-18;89,1
197;197;197;197;197;Errol;Bushbuck;Tragelaphus scriptus;2018-08-25;70,7
198;198;198;198;198;Ulrica;Weaver, sociable;Philetairus socius;2020-10-03;20,4
199;199;199;199;199;Ailbert;Tortoise, galapagos;Geochelone elephantopus;2018-11-08;71,4
200;200;200;200;200;Grady;Bandicoot, southern brown;Isoodon obesulus;2021-06-09;12,2
201;201;201;201;201;Natalee;Mongoose, eastern dwarf;Helogale undulata;2020-01-08;58,5
202;202;202;202;202;Adiana;Heron, green;Butorides striatus;2022-03-23;69,6
203;203;203;203;203;Arleyne;Francolin, swainson's;Francolinus swainsonii;2019-09-13;21
204;204;204;204;204;Grissel;Killer whale;Orcinus orca;2020-05-01;57
205;205;205;205;205;Roxie;Red squirrel;Tamiasciurus hudsonicus;2022-04-16;91,6
206;206;206;206;206;Dulcy;Sandhill crane;Grus canadensis;2019-06-18;56,5
207;207;207;207;207;Dari;Pale white-eye;Zosterops pallidus;2018-02-13;39,4
208;208;208;208;208;Dill;Blue and yellow macaw;Ara ararauna;2019-10-11;28,8
209;209;209;209;209;Nickey;Black-tailed tree creeper;Climacteris melanura;2017-07-22;12,4
210;210;210;210;210;Nessie;Jacana, african;Actophilornis africanus;2018-11-08;94,6
211;211;211;211;211;Manya;Red-billed tropic bird;Phaethon aethereus;2018-10-24;18,9
212;212;212;212;212;Dalt;European shelduck;Tadorna tadorna;2019-12-12;51,3
213;213;213;213;213;Sybilla;Dog, raccoon;Nyctereutes procyonoides;2019-02-12;45,7
214;214;214;214;214;Mick;Mandras tree shrew;Anathana ellioti;2022-03-16;31,7
215;215;215;215;215;Robby;Asian water dragon;Physignathus cocincinus;2022-05-02;59,4
216;216;216;216;216;Wit;Lion, south american sea;Otaria flavescens;2017-05-10;15,8
217;217;217;217;217;Aidan;African fish eagle;Haliaetus vocifer;2021-06-30;88
218;218;218;218;218;Patten;Red deer;Cervus elaphus;2018-02-24;20,7
219;219;219;219;219;Elfreda;Gulls (unidentified);Larus sp.;2019-01-14;16,7
220;220;220;220;220;Corly;Sloth, two-toed tree;Choloepus hoffmani;2018-05-17;88,3
221;221;221;221;221;Nomi;Woodpecker, red-headed;Melanerpes erythrocephalus;2021-03-28;94
222;222;222;222;222;Theadora;Trotter, lily;Actophilornis africanus;2021-11-12;60,2
223;223;223;223;223;Gussi;Cockatoo, red-tailed;Calyptorhynchus magnificus;2017-04-19;38,5
224;224;224;224;224;Dianna;African darter;Anhinga rufa;2022-01-21;45,9
225;225;225;225;225;Rosalinda;White-eye, cape;Zosterops pallidus;2017-12-21;75,8
226;226;226;226;226;Sergei;Macaque, pig-tailed;Macaca nemestrina;2021-10-02;2,4
227;227;227;227;227;Leo;Tortoise, burmese brown mountain;Manouria emys;2018-11-05;78,3
228;228;228;228;228;Ammamaria;Wallaby, river;Macropus agilis;2017-08-17;90,9
229;229;229;229;229;Mel;Sandhill crane;Grus canadensis;2018-09-24;13,1
230;230;230;230;230;Brooks;Dove, galapagos;Zenaida galapagoensis;2017-06-06;92,3
231;231;231;231;231;Cece;Squirrel, indian giant;Ratufa indica;2018-10-30;85,1
232;232;232;232;232;Ronnie;Vervet monkey;Cercopithecus aethiops;2018-02-01;7,3
233;233;233;233;233;Andrea;Jackrabbit, white-tailed;Lepus townsendii;2019-04-05;43,5
234;234;234;234;234;Lindi;Carpet snake;Morelia spilotes variegata;2019-05-30;35,5
235;235;235;235;235;Alfie;Long-tailed jaeger;Stercorarius longicausus;2018-02-17;59,3
236;236;236;236;236;Robbin;Gray rhea;Rhea americana;2020-03-27;75,5
237;237;237;237;237;Joela;Bleu, red-cheeked cordon;Uraeginthus bengalus;2020-08-23;80,2
238;238;238;238;238;Salim;Ferruginous hawk;Buteo regalis;2020-10-08;11,8
239;239;239;239;239;Renato;Sun gazer;Cordylus giganteus;2022-01-20;64,7
240;240;240;240;240;Blythe;Spotted deer;Axis axis;2021-03-23;87,5
241;241;241;241;241;Fidelio;Long-tailed spotted cat;Felis wiedi or Leopardus weidi;2022-01-27;59,7
242;242;242;242;242;Bondy;Pademelon, red-legged;Thylogale stigmatica;2021-01-04;15,5
243;243;243;243;243;Delmar;Tern, arctic;Sterna paradisaea;2020-01-26;46,3
244;244;244;244;244;Adler;Bear, sloth;Melursus ursinus;2020-02-04;83,4
245;245;245;245;245;Marylou;Tortoise, burmese brown mountain;Manouria emys;2018-05-06;5,6
246;246;246;246;246;Lily;African porcupine;Hystrix cristata;2019-07-20;11,7
247;247;247;247;247;Gizela;Alligator, mississippi;Alligator mississippiensis;2020-12-16;48
248;248;248;248;248;Joshia;Possum, western pygmy;Cercatetus concinnus;2018-08-28;33,7
249;249;249;249;249;Edythe;Creeper, black-tailed tree;Climacteris melanura;2022-03-23;78,7
250;250;250;250;250;Celestyn;Roe deer;Capreolus capreolus;2021-07-17;7,6
251;251;251;251;251;Lyndy;Sloth, hoffman's;Choloepus hoffmani;2022-04-15;76,3
252;252;252;252;252;Noelle;Vine snake (unidentified);Oxybelis sp.;2020-01-06;73,8
253;253;253;253;253;Wallis;Barbet, black-collared;Lybius torquatus;2020-08-10;44,8
254;254;254;254;254;Conn;Dragon, asian water;Physignathus cocincinus;2021-10-17;52,1
255;255;255;255;255;Leena;Wombat, common;Vombatus ursinus;2022-02-20;6,5
256;256;256;256;256;Milton;Arctic fox;Alopex lagopus;2017-10-14;33,2
257;257;257;257;257;Joana;Ant (unidentified);unavailable;2019-09-26;82,6
258;258;258;258;258;Min;Steller sea lion;Eumetopias jubatus;2017-03-26;70,1
259;259;259;259;259;Nickolai;Cape wild cat;Felis libyca;2019-11-05;87,3
260;260;260;260;260;Cherilyn;Boa, cook's tree;Corallus hortulanus cooki;2017-04-29;5,1
261;261;261;261;261;Dorie;Armadillo, giant;Priodontes maximus;2019-04-28;80
262;262;262;262;262;Magdalen;Vulture, griffon;Gyps fulvus;2019-01-09;67,4
263;263;263;263;263;Clementine;California sea lion;Zalophus californicus;2018-03-13;8,8
264;264;264;264;264;Hayden;Ferruginous hawk;Buteo regalis;2018-02-09;79,9
265;265;265;265;265;Cyrill;Iguana, marine;Amblyrhynchus cristatus;2018-07-19;55,8
266;266;266;266;266;Morna;Cockatoo, sulfur-crested;Cacatua galerita;2021-08-12;77,7
267;267;267;267;267;Shirlee;Bee-eater, nubian;Merops nubicus;2020-11-29;11,7
268;268;268;268;268;Carly;Bulbul, african red-eyed;Pycnonotus nigricans;2017-03-04;34,1
269;269;269;269;269;Nicko;Opossum, american virginia;Didelphis virginiana;2021-03-13;93
270;270;270;270;270;Yurik;Toddy cat;Paradoxurus hermaphroditus;2019-07-04;92,2
271;271;271;271;271;Wallas;Groundhog;Marmota monax;2018-12-07;71,9
272;272;272;272;272;Babbette;Vulture, white-rumped;Gyps bengalensis;2020-05-10;39,3
273;273;273;273;273;Efrem;Black-tailed tree creeper;Climacteris melanura;2021-09-17;74,6
274;274;274;274;274;Lind;Barbet, black-collared;Lybius torquatus;2020-10-31;92,5
275;275;275;275;275;Joletta;American alligator;Alligator mississippiensis;2019-05-12;85,1
276;276;276;276;276;Ibrahim;Caiman, spectacled;Caiman crocodilus;2019-03-21;68,4
277;277;277;277;277;Gwenneth;Fowl, helmeted guinea;Numida meleagris;2018-09-13;11,6
278;278;278;278;278;Charisse;Dama wallaby;Macropus eugenii;2021-11-25;32,1
279;279;279;279;279;Vilma;Four-striped grass mouse;Rhabdomys pumilio;2022-02-09;59
280;280;280;280;280;Krissie;Mountain duck;Hymenolaimus malacorhynchus;2019-01-14;16,7
281;281;281;281;281;Adelind;Squirrel, smith's bush;Paraxerus cepapi;2017-11-18;72,1
282;282;282;282;282;Alisander;Swamp deer;Cervus duvauceli;2022-01-04;76,7
283;283;283;283;283;Mandie;Capuchin, brown;Cebus apella;2019-09-06;61,4
284;284;284;284;284;Ermengarde;Impala;Aepyceros mylampus;2022-02-25;52
285;285;285;285;285;Gilligan;Spur-winged goose;Plectopterus gambensis;2021-02-22;22,7
286;286;286;286;286;Dotty;Rabbit, eastern cottontail;Sylvilagus floridanus;2017-08-22;86,6
287;287;287;287;287;Renate;Sheep, stone;Ovis dalli stonei;2017-12-10;98,9
288;288;288;288;288;Rawley;Common dolphin;Delphinus delphis;2020-07-22;60,7
289;289;289;289;289;Tammy;Oryx, beisa;Oryx gazella;2020-06-03;82,3
290;290;290;290;290;Viki;Scaly-breasted lorikeet;Trichoglossus chlorolepidotus;2020-11-28;81,6
291;291;291;291;291;Vickie;Defassa waterbuck;Kobus defassa;2021-02-14;68,7
292;292;292;292;292;Pearline;Trumpeter, dark-winged;Psophia viridis;2018-03-23;98,1
293;293;293;293;293;Adria;Penguin, fairy;Eudyptula minor;2017-07-16;89
294;294;294;294;294;Rhys;Buffalo, african;Snycerus caffer;2019-11-14;79,5
295;295;295;295;295;Tara;Rattlesnake, horned;Crotalus cerastes;2020-06-18;52,3
296;296;296;296;296;Jasmina;Mexican beaded lizard;Heloderma horridum;2020-03-30;6,2
297;297;297;297;297;Shirley;Siskin, pine;Carduelis pinus;2020-03-05;25,9
298;298;298;298;298;Curry;Cat, cape wild;Felis libyca;2022-01-29;46
299;299;299;299;299;Worthington;Gecko (unidentified);unavailable;2017-03-08;38,7
300;300;300;300;300;Stavro;Kinkajou;Potos flavus;2019-01-13;92,1
301;301;301;301;301;Kass;Four-spotted skimmer;Libellula quadrimaculata;2022-04-05;35,2
302;302;302;302;302;Marrissa;Red-billed toucan;Ramphastos tucanus;2017-05-30;22
303;303;303;303;303;Ebba;Cormorant, flightless;Nannopterum harrisi;2022-01-21;91,1
304;304;304;304;304;Gasper;Baboon, yellow;Papio cynocephalus;2019-07-29;72,8
305;305;305;305;305;Arnaldo;Native cat;Dasyurus viverrinus;2022-01-04;4
306;306;306;306;306;Auguste;Zorilla;Ictonyx striatus;2020-05-01;56,1
307;307;307;307;307;Benetta;Common zebra;Equus burchelli;2019-09-13;11,3
308;308;308;308;308;Lorraine;Skink, blue-tongued;Tiliqua scincoides;2020-04-29;90,9
309;309;309;309;309;Natala;Puma, south american;Felis concolor;2018-09-12;59,2
310;310;310;310;310;Sondra;Partridge, coqui;Francolinus coqui;2017-10-26;28,4
311;311;311;311;311;Aura;Elephant, african;Loxodonta africana;2022-01-10;37,7
312;312;312;312;312;Pietra;Waterbuck, defassa;Kobus defassa;2017-02-18;75,7
313;313;313;313;313;Myron;Lechwe, kafue flats;Kobus leche robertsi;2019-07-13;26,8
314;314;314;314;314;Florette;Australian masked owl;Tyto novaehollandiae;2021-12-26;51,9
315;315;315;315;315;Cristina;Robin, kalahari scrub;Certotrichas paena;2019-12-25;66,2
316;316;316;316;316;Elwyn;Osprey;Pandon haliaetus;2018-09-02;66
317;317;317;317;317;Julieta;Coatimundi, ring-tailed;Nasua nasua;2019-03-14;19,7
318;318;318;318;318;Korney;Grant's gazelle;Gazella granti;2017-11-08;98,9
319;319;319;319;319;Reggi;Frog (unidentified);Rana sp.;2017-08-23;24,2
320;320;320;320;320;Andree;Black curlew;Haematopus ater;2017-04-18;11,6
321;321;321;321;321;Rochelle;Cottonmouth;Agkistrodon piscivorus;2017-10-17;95,7
322;322;322;322;322;Desiri;Canadian river otter;Lutra canadensis;2020-06-06;63,4
323;323;323;323;323;Lotta;Red kangaroo;Macropus rufus;2018-01-24;12,4
324;324;324;324;324;Sylvan;Cape fox;Vulpes chama;2022-02-18;86,3
325;325;325;325;325;Harper;Shrew, mandras tree;Anathana ellioti;2021-05-24;61,6
326;326;326;326;326;Timothee;Drongo, fork-tailed;Dicrurus adsimilis;2017-04-16;5
327;327;327;327;327;Eleonora;Magpie, black-backed;Gymnorhina tibicen;2017-06-21;10
328;328;328;328;328;Sol;Boa, columbian rainbow;Epicrates cenchria maurus;2020-08-18;38,5
329;329;329;329;329;Maura;Eastern dwarf mongoose;Helogale undulata;2021-02-01;5,1
330;330;330;330;330;Sherlock;Waxbill, blue;Uraeginthus angolensis;2018-07-01;76,3
331;331;331;331;331;Deeyn;Elegant crested tinamou;Eudromia elegans;2022-02-18;58,4
332;332;332;332;332;Jaymee;Mountain duck;Hymenolaimus malacorhynchus;2020-10-12;97,6
333;333;333;333;333;Antonie;Desert kangaroo rat;Dipodomys deserti;2021-11-01;56,3
334;334;334;334;334;Krystle;Bushbaby, large-eared;Galago crassicaudataus;2018-09-13;31,3
335;335;335;335;335;Benoit;White-faced tree rat;Echimys chrysurus;2021-08-11;3
336;336;336;336;336;Alfons;Galah;Eolophus roseicapillus;2017-05-06;12,4
337;337;337;337;337;Townsend;Asiatic jackal;Canis aureus;2017-12-21;2,2
338;338;338;338;338;Erica;Collared peccary;Tayassu tajacu;2018-12-02;81,6
339;339;339;339;339;Benedikt;Jackal, golden;Canis aureus;2017-12-06;57,6
340;340;340;340;340;Ranique;Springbuck;Antidorcas marsupialis;2020-11-17;73,4
341;341;341;341;341;Amelita;Woodpecker, red-headed;Melanerpes erythrocephalus;2020-10-26;70,4
342;342;342;342;342;Tamas;Giant anteater;Myrmecophaga tridactyla;2021-06-23;19,9
343;343;343;343;343;Glenden;Great skua;Catharacta skua;2019-10-27;27
344;344;344;344;344;Mikkel;Coot, red-knobbed;Fulica cristata;2020-01-11;39,2
345;345;345;345;345;Rowe;Gecko, bent-toed;Cyrtodactylus louisiadensis;2019-10-27;13,8
346;346;346;346;346;Gearalt;Monkey, rhesus;Macaca mulatta;2021-05-10;90,8
347;347;347;347;347;Herta;Mallard;Anas platyrhynchos;2020-11-29;87,4
348;348;348;348;348;Raine;African pied wagtail;Motacilla aguimp;2018-09-10;62,8
349;349;349;349;349;Eloise;Ring dove;Columba palumbus;2019-08-27;23,5
350;350;350;350;350;Abby;Vulture, black;Aegypius tracheliotus;2022-01-19;29,5
351;351;351;351;351;Dunn;Striated heron;Butorides striatus;2017-07-29;100
352;352;352;352;352;Faber;Dama wallaby;Macropus eugenii;2021-08-22;43,7
353;353;353;353;353;Fanchon;Greater kudu;Tragelaphus strepsiceros;2017-12-16;70,5
354;354;354;354;354;Lucia;Vulture, king;Sarcorhamphus papa;2019-03-16;78,5
355;355;355;355;355;Nilson;Weaver, lesser masked;Ploceus intermedius;2021-08-08;1,6
356;356;356;356;356;Creight;Darwin ground finch (unidentified);Geospiza sp.;2021-10-03;57,7
357;357;357;357;357;Bertina;Kangaroo, eastern grey;Macropus giganteus;2019-12-21;91,8
358;358;358;358;358;Wenonah;Python (unidentified);unavailable;2020-09-25;27,3
359;359;359;359;359;Jacinta;Ant (unidentified);unavailable;2020-05-20;29,1
360;360;360;360;360;Harmonie;Scarlet macaw;Ara macao;2018-12-30;21,8
361;361;361;361;361;Sayres;Dragon, western bearded;Amphibolurus barbatus;2021-11-08;59,2
362;362;362;362;362;Judy;Macaque, pig-tailed;Macaca nemestrina;2020-04-27;72,8
363;363;363;363;363;Idell;Barbet, black-collared;Lybius torquatus;2017-03-15;68,7
364;364;364;364;364;Ancell;Catfish, blue;Ictalurus furcatus;2021-08-13;33,2
365;365;365;365;365;Davin;Glossy starling (unidentified);Lamprotornis sp.;2020-08-03;44
366;366;366;366;366;Joyce;Goldeneye, common;Bucephala clangula;2021-10-21;73,7
367;367;367;367;367;Roby;Openbill, asian;Anastomus oscitans;2020-01-22;99
368;368;368;368;368;Ansel;Hippopotamus;Hippopotamus amphibius;2021-09-03;42,2
369;369;369;369;369;Tallulah;Little grebe;Tachybaptus ruficollis;2018-03-14;57,4
370;370;370;370;370;Sela;Cattle egret;Bubulcus ibis;2021-03-24;28,9
371;371;371;371;371;Carita;Monkey, black spider;Ateles paniscus;2018-01-27;33,2
372;372;372;372;372;Che;Brown and yellow marshbird;Pseudoleistes virescens;2019-06-19;68
373;373;373;373;373;Elbert;Partridge, coqui;Francolinus coqui;2022-02-18;9,6
374;374;374;374;374;Eddy;Meerkat;Suricata suricatta;2022-05-17;13,8
375;375;375;375;375;Georgy;Kori bustard;Choriotis kori;2018-03-13;1,1
376;376;376;376;376;Bella;Sloth, pale-throated three-toed;Bradypus tridactylus;2018-09-30;82,1
377;377;377;377;377;Selena;Old world fruit bat (unidentified);unavailable;2019-02-06;2,4
378;378;378;378;378;Sax;Andean goose;Chloephaga melanoptera;2019-05-30;58,1
379;379;379;379;379;Anjela;Northern phalarope;Phalaropus lobatus;2022-03-01;32,9
380;380;380;380;380;Georgeanne;Grey mouse lemur;Microcebus murinus;2021-09-17;98,9
381;381;381;381;381;Bekki;Goldeneye, common;Bucephala clangula;2017-11-09;30,7
382;382;382;382;382;Joelynn;Eagle, white-bellied sea;Haliaetus leucogaster;2020-10-17;18,3
383;383;383;383;383;Katerine;Crane, blue;Anthropoides paradisea;2017-03-31;63,4
384;384;384;384;384;Arman;Australian masked owl;Tyto novaehollandiae;2020-03-22;67,7
385;385;385;385;385;Claudetta;Common rhea;Rhea americana;2021-08-22;23,7
386;386;386;386;386;Aubrey;Duck, comb;Sarkidornis melanotos;2019-05-31;95,5
387;387;387;387;387;Jack;Rhesus monkey;Macaca mulatta;2018-08-03;66
388;388;388;388;388;Norbie;Brush-tailed phascogale;Phascogale tapoatafa;2020-01-03;20,4
389;389;389;389;389;Margalit;Peccary, white-lipped;Tayassu pecari;2017-09-25;82
390;390;390;390;390;Gavin;Savanna baboon;Papio cynocephalus;2020-04-01;63,8
391;391;391;391;391;Patsy;Sally lightfoot crab;Graspus graspus;2022-04-22;30,5
392;392;392;392;392;Scott;Blue and yellow macaw;Ara ararauna;2020-09-02;9
393;393;393;393;393;Justinian;Crowned hawk-eagle;Spizaetus coronatus;2022-03-30;59,3
394;394;394;394;394;Dreddy;North American red fox;Vulpes vulpes;2021-04-18;67,9
395;395;395;395;395;Tate;Common palm civet;Paradoxurus hermaphroditus;2019-09-12;5,7
396;396;396;396;396;Caren;Northern fur seal;Callorhinus ursinus;2019-11-09;95,8
397;397;397;397;397;Irina;Buffalo, asian water;Bubalus arnee;2018-02-06;18,6
398;398;398;398;398;Aurea;Fox, blue;Alopex lagopus;2020-11-19;25,5
399;399;399;399;399;Jeanne;Wallaby, whip-tailed;Macropus parryi;2018-05-15;95,3
400;400;400;400;400;Reube;Zebra, common;Equus burchelli;2020-05-14;21,8
401;401;401;401;401;Lissy;Brush-tailed phascogale;Phascogale tapoatafa;2018-10-15;75,9
402;402;402;402;402;Katinka;Mongoose, small indian;Herpestes javanicus;2018-01-29;75,2
403;403;403;403;403;Emanuel;Smith's bush squirrel;Paraxerus cepapi;2018-08-27;40,8
404;404;404;404;404;Grazia;Indian jackal;Canis aureus;2020-05-24;25,2
405;405;405;405;405;Jody;Mynah, common;Acridotheres tristis;2017-06-22;42,4
406;406;406;406;406;Kinny;Anteater, giant;Myrmecophaga tridactyla;2020-04-28;42
407;407;407;407;407;Harriet;Cat, cape wild;Felis libyca;2019-11-07;94
408;408;408;408;408;Chiquita;Lizard (unidentified);unavailable;2018-01-17;4,6
409;409;409;409;409;Caro;American beaver;Castor canadensis;2021-10-20;22,9
410;410;410;410;410;Benita;Downy woodpecker;Picoides pubescens;2020-05-16;16,1
411;411;411;411;411;Scott;Common boubou shrike;Laniarius ferrugineus;2018-03-01;62,4
412;412;412;412;412;Hubert;Hyena, brown;Hyaena brunnea;2018-01-28;87,7
413;413;413;413;413;Hendrick;Vulture, white-rumped;Gyps bengalensis;2020-12-14;33,1
414;414;414;414;414;Heidie;Ferruginous hawk;Buteo regalis;2017-04-22;14,6
415;415;415;415;415;Suzy;Pelican, australian;Pelecanus conspicillatus;2020-09-19;62
416;416;416;416;416;Cristal;Oryx, beisa;Oryx gazella;2020-11-23;43
417;417;417;417;417;Reinwald;Turkey, australian brush;Alectura lathami;2021-10-23;46,3
418;418;418;418;418;Adella;Tinamou, elegant crested;Eudromia elegans;2017-06-06;92,8
419;419;419;419;419;Wendye;Nine-banded armadillo;Dasypus novemcinctus;2017-10-24;58,1
420;420;420;420;420;Sigismond;Snowy egret;Egretta thula;2020-05-18;34,9
421;421;421;421;421;Janis;Duiker, common;Sylvicapra grimma;2021-04-16;77,6
422;422;422;422;422;Hyman;Eagle owl (unidentified);Bubo sp.;2020-08-18;35,3
423;423;423;423;423;Bartolomeo;White-winged dove;Zenaida asiatica;2019-04-05;39
424;424;424;424;424;Marianne;Giant girdled lizard;Cordylus giganteus;2017-08-31;51,5
425;425;425;425;425;Rebecca;Eagle, tawny;Anitibyx armatus;2021-10-10;75,9
426;426;426;426;426;Loy;Two-banded monitor;Varanus salvator;2020-02-16;62,9
427;427;427;427;427;Jaquelyn;Wallaby, river;Macropus agilis;2020-02-04;29,1
428;428;428;428;428;Edik;Pale-throated three-toed sloth;Bradypus tridactylus;2019-09-03;4,4
429;429;429;429;429;Tamarah;Skink, african;Mabuya spilogaster;2020-08-20;57,8
430;430;430;430;430;Hester;Phalarope, red-necked;Phalaropus lobatus;2021-07-05;20,7
431;431;431;431;431;Vincenty;Pheasant, ring-necked;Phasianus colchicus;2019-12-28;36,6
432;432;432;432;432;Nolly;Red-billed tropic bird;Phaethon aethereus;2022-04-18;76,1
433;433;433;433;433;Onofredo;Sulfur-crested cockatoo;Cacatua galerita;2020-12-03;89,5
434;434;434;434;434;Sophia;Meerkat;Suricata suricatta;2019-11-20;25
435;435;435;435;435;Miguel;Rat, desert kangaroo;Dipodomys deserti;2019-08-31;30,7
436;436;436;436;436;Pate;Iguana, common green;Iguana iguana;2022-01-09;93,2
437;437;437;437;437;Wiatt;Wildebeest, blue;Connochaetus taurinus;2019-01-27;66,4
438;438;438;438;438;Constantino;Crested screamer;Chauna torquata;2017-03-31;58,6
439;439;439;439;439;Waverley;Small Indian mongoose;Herpestes javanicus;2017-10-14;91,4
440;440;440;440;440;Joleen;Western lowland gorilla;Gorilla gorilla;2020-04-01;40,8
441;441;441;441;441;Malvin;Bee-eater, white-fronted;Merops bullockoides;2019-04-11;70,5
442;442;442;442;442;Lyda;Northern fur seal;Callorhinus ursinus;2018-04-28;30,4
443;443;443;443;443;Ricki;Tortoise, galapagos;Geochelone elephantopus;2019-12-05;95,3
444;444;444;444;444;Garvy;Wolf, mexican;Canis lupus baileyi;2018-07-18;42,4
445;445;445;445;445;Ethan;Andean goose;Chloephaga melanoptera;2020-08-18;70,1
446;446;446;446;446;Giovanna;Heron, giant;Ardea golieth;2021-10-11;10,6
447;447;447;447;447;Roseanna;Striated heron;Butorides striatus;2019-01-25;67,9
448;448;448;448;448;Tiler;Marmot, hoary;Marmota caligata;2018-06-06;43,2
449;449;449;449;449;Juliet;Parrot, hawk-headed;Deroptyus accipitrinus;2019-04-17;11,8
450;450;450;450;450;Augusto;Squirrel, red;Tamiasciurus hudsonicus;2017-09-10;24,3
451;451;451;451;451;Elisabet;Brush-tailed bettong;Bettongia penicillata;2017-05-07;58,7
452;452;452;452;452;Jandy;Black spider monkey;Ateles paniscus;2017-07-09;80,4
453;453;453;453;453;Abrahan;Swainson's francolin;Francolinus swainsonii;2022-02-07;41,4
454;454;454;454;454;Udall;Turtle (unidentified);unavailable;2019-12-05;86,8
455;455;455;455;455;Naoma;Snake, western patch-nosed;Salvadora hexalepis;2019-04-01;49,4
456;456;456;456;456;Alix;Zebra, common;Equus burchelli;2021-04-10;93
457;457;457;457;457;Tyler;Stanley crane;Anthropoides paradisea;2021-08-11;97
458;458;458;458;458;Fawn;Red squirrel;Tamiasciurus hudsonicus;2022-01-20;1,6
459;459;459;459;459;Anissa;Phascogale, brush-tailed;Phascogale tapoatafa;2018-09-27;42,6
460;460;460;460;460;Jabez;Australian pelican;Pelecanus conspicillatus;2022-01-21;46,3
461;461;461;461;461;Lon;Jackal, asiatic;Canis aureus;2017-11-19;98,2
462;462;462;462;462;Tilda;Tailless tenrec;Tenrec ecaudatus;2021-08-10;21,1
463;463;463;463;463;Randolf;Squirrel, thirteen-lined;Spermophilus tridecemlineatus;2020-01-19;17
464;464;464;464;464;Ulick;Macaw, blue and yellow;Ara ararauna;2018-01-31;21,3
465;465;465;465;465;Cynde;Pademelon, red-legged;Thylogale stigmatica;2019-01-05;97,2
466;466;466;466;466;Belle;Cobra, egyptian;Naja haje;2018-05-03;60,5
467;467;467;467;467;Irena;Capuchin, white-fronted;Cebus albifrons;2019-04-22;31,9
468;468;468;468;468;Jayme;Fork-tailed drongo;Dicrurus adsimilis;2018-10-20;98,5
469;469;469;469;469;Theodora;Roller, lilac-breasted;Coracias caudata;2020-08-16;74,2
470;470;470;470;470;Giralda;Scottish highland cow;Bos taurus;2018-05-18;70
471;471;471;471;471;Erda;American marten;Martes americana;2020-10-24;2,2
472;472;472;472;472;Avivah;Rufous-collared sparrow;Zonotrichia capensis;2018-03-15;66,8
473;473;473;473;473;Sheri;Whale, long-finned pilot;Globicephala melas;2018-07-29;1,1
474;474;474;474;474;Lauraine;Raven, cape;Corvus albicollis;2018-11-22;13,4
475;475;475;475;475;Rafael;Bird (unidentified);unavailable;2022-03-03;38,6
476;476;476;476;476;Winifield;Stork, painted;Mycteria leucocephala;2019-04-22;40,9
477;477;477;477;477;Leslie;Dragon, komodo;Varanus komodensis;2022-03-28;34,9
478;478;478;478;478;Courtnay;Ring-tailed possum;Pseudocheirus peregrinus;2019-07-11;23,4
479;479;479;479;479;Dinah;White-bellied sea eagle;Haliaetus leucogaster;2018-10-28;7,7
480;480;480;480;480;Clarinda;Deer, red;Cervus elaphus;2021-12-12;65,4
481;481;481;481;481;Cordell;Cormorant (unidentified);unavailable;2022-04-05;63,4
482;482;482;482;482;Elmore;Malagasy ground boa;Acrantophis madagascariensis;2021-11-21;48,7
483;483;483;483;483;Iolande;Black-footed ferret;Mustela nigripes;2020-07-17;57,2
484;484;484;484;484;Frayda;Armadillo, seven-banded;Dasypus septemcincus;2020-03-05;98,3
485;485;485;485;485;Walt;Puffin, horned;Fratercula corniculata;2017-11-01;26
486;486;486;486;486;Thaine;Butterfly, tropical buckeye;Junonia genoveua;2018-11-28;78,9
487;487;487;487;487;Sunny;Sifaka, verreaux's;Propithecus verreauxi;2020-09-26;54
488;488;488;488;488;Jone;Sidewinder;Crotalus cerastes;2018-10-24;86,8
489;489;489;489;489;Gilemette;Wallaroo, common;Macropus robustus;2020-06-09;37,9
490;490;490;490;490;Bondy;Kiskadee, great;Pitangus sulphuratus;2020-08-08;59
491;491;491;491;491;Ermentrude;Long-crested hawk eagle;Lophoaetus occipitalis;2020-06-18;94,2
492;492;492;492;492;Emlen;Greater adjutant stork;Leptoptilus dubius;2017-11-19;73,2
493;493;493;493;493;Stern;White-fronted bee-eater;Merops bullockoides;2020-04-28;75,5
494;494;494;494;494;Tim;Egyptian goose;Alopochen aegyptiacus;2021-02-14;91,5
495;495;495;495;495;Ddene;Grouse, greater sage;Centrocercus urophasianus;2020-12-16;29,7
496;496;496;496;496;Randy;Crocodile, nile;Crocodylus niloticus;2021-03-06;71,1
497;497;497;497;497;Lark;Starling, greater blue-eared;Lamprotornis chalybaeus;2017-09-01;65,1
498;498;498;498;498;Farris;Dassie;Dendrohyrax brucel;2020-11-18;79,3
499;499;499;499;499;Chiquita;Fairy penguin;Eudyptula minor;2019-06-22;13,8
500;500;500;500;500;Bonnee;Stanley crane;Anthropoides paradisea;2021-04-11;51,2
501;501;501;501;501;Tobin;Burmese brown mountain tortoise;Manouria emys;2020-12-31;69,6
502;502;502;502;502;Lorry;Dragon, ornate rock;Ctenophorus ornatus;2018-12-23;56,3
503;503;503;503;503;Ramon;Hottentot teal;Anas punctata;2021-09-23;88,1
504;504;504;504;504;Emmye;Fork-tailed drongo;Dicrurus adsimilis;2017-03-23;6,4
505;505;505;505;505;Eddie;Collared lemming;Dicrostonyx groenlandicus;2017-12-18;44,6
506;506;506;506;506;Sayre;Brown pelican;Pelecanus occidentalis;2017-12-24;34,8
507;507;507;507;507;Umberto;Crane, blue;Anthropoides paradisea;2018-01-19;48,4
508;508;508;508;508;Henriette;Manatee;Trichechus inunguis;2020-03-14;88,5
509;509;509;509;509;Lira;Owl, snowy;Nyctea scandiaca;2019-10-29;78,6
510;510;510;510;510;Bent;Galapagos dove;Zenaida galapagoensis;2021-07-24;74,6
511;511;511;511;511;Immanuel;Warthog;Phacochoerus aethiopus;2019-04-27;14,3
512;512;512;512;512;Gabie;Caracara (unidentified);unavailable;2021-01-17;71,5
513;513;513;513;513;Ardeen;Caiman, spectacled;Caiman crocodilus;2018-12-06;70,4
514;514;514;514;514;Jamaal;Egret, cattle;Bubulcus ibis;2017-06-28;82,7
515;515;515;515;515;Vernice;Chipmunk, least;Eutamias minimus;2018-02-15;27,6
516;516;516;516;516;Christabel;Stork, greater adjutant;Leptoptilus dubius;2018-09-26;65,1
517;517;517;517;517;Jarrad;Feathertail glider;Acrobates pygmaeus;2017-04-12;23,3
518;518;518;518;518;Verna;Wapiti, elk,;Cervus canadensis;2018-07-21;51,4
519;519;519;519;519;Harlie;Cuis;Microcavia australis;2018-10-24;5,2
520;520;520;520;520;Fredek;Lechwe, kafue flats;Kobus leche robertsi;2018-03-31;90,2
521;521;521;521;521;Zita;Genet, small-spotted;Genetta genetta;2017-05-12;49,9
522;522;522;522;522;Demetrius;Canadian tiger swallowtail butterfly;Papilio canadensis;2019-12-31;11,3
523;523;523;523;523;Dare;Bear, sloth;Melursus ursinus;2020-07-23;74,2
524;524;524;524;524;Jenine;Francolin, coqui;Francolinus coqui;2019-08-13;68,1
525;525;525;525;525;Alexandrina;Egyptian viper;Naja haje;2019-01-03;27,9
526;526;526;526;526;Kristal;Gull, southern black-backed;Larus dominicanus;2022-01-10;12,1
527;527;527;527;527;Fritz;Jackal, indian;Canis aureus;2020-12-09;94,2
528;528;528;528;528;Adah;Common genet;Genetta genetta;2020-06-24;67,4
529;529;529;529;529;Cass;Bulbul, black-eyed;Pycnonotus barbatus;2018-07-05;56,3
530;530;530;530;530;Petronille;Least chipmunk;Eutamias minimus;2022-04-03;30,2
531;531;531;531;531;Worth;Common brushtail possum;Trichosurus vulpecula;2021-06-15;48,2
532;532;532;532;532;Renate;Trotter, lily;Actophilornis africanus;2018-08-19;11,6
533;533;533;533;533;Austina;Openbill, asian;Anastomus oscitans;2017-03-06;88,4
534;534;534;534;534;Thacher;Dove, ring;Columba palumbus;2019-03-17;28,9
535;535;535;535;535;Cordy;Kiskadee, great;Pitangus sulphuratus;2019-08-04;17,8
536;536;536;536;536;Briana;Komodo dragon;Varanus komodensis;2022-01-07;67,2
537;537;537;537;537;Sianna;Cat, native;Dasyurus viverrinus;2019-05-26;88,9
538;538;538;538;538;Sheela;Grenadier, purple;Uraeginthus granatina;2017-05-30;60,8
539;539;539;539;539;Clem;Raven, cape;Corvus albicollis;2021-06-03;37,1
540;540;540;540;540;Windham;Rufous tree pie;Dendrocitta vagabunda;2018-11-30;87,5
541;541;541;541;541;Dulcine;Coatimundi, ring-tailed;Nasua nasua;2017-04-08;58,1
542;542;542;542;542;Carmela;Falcon, peregrine;Falco peregrinus;2018-08-20;65,9
543;543;543;543;543;Rica;Least chipmunk;Eutamias minimus;2019-08-04;86,6
544;544;544;544;544;Nikos;Waterbuck, common;Kobus defassa;2017-03-31;74,9
545;545;545;545;545;Phillipe;Black-tailed tree creeper;Climacteris melanura;2021-01-05;59,9
546;546;546;546;546;Dael;Grouse, sage;Centrocercus urophasianus;2017-02-26;55,2
547;547;547;547;547;Noreen;Robin, white-throated;Irania gutteralis;2018-06-20;32
548;548;548;548;548;Wallis;Lapwing, southern;Vanellus chilensis;2017-11-13;48,2
549;549;549;549;549;Blakeley;Vulture, turkey;Cathartes aura;2020-09-16;53,1
550;550;550;550;550;Ancell;Ground legaan;Varanus sp.;2020-01-24;39,7
551;551;551;551;551;Jamesy;Snake, buttermilk;Coluber constrictor;2021-05-03;50,2
552;552;552;552;552;Man;Golden eagle;Aquila chrysaetos;2017-03-24;35,4
553;553;553;553;553;Pavia;Greater kudu;Tragelaphus strepsiceros;2018-03-07;74,6
554;554;554;554;554;Delmor;Pigeon, wood;Columba palumbus;2019-06-22;95,9
555;555;555;555;555;Kasey;Tern, arctic;Sterna paradisaea;2021-08-05;55,9
556;556;556;556;556;Gottfried;Emerald green tree boa;Boa caninus;2019-10-23;37,8
557;557;557;557;557;Jackelyn;Crane, sandhill;Grus canadensis;2018-07-09;53
558;558;558;558;558;Tiphani;Platypus;Ornithorhynchus anatinus;2021-01-03;91,4
559;559;559;559;559;Christen;Horned lark;Eremophila alpestris;2019-09-21;18,7
560;560;560;560;560;Carly;Stork, painted;Mycteria leucocephala;2018-04-13;21
561;561;561;561;561;Aigneis;Whale, killer;Orcinus orca;2018-10-21;58,1
562;562;562;562;562;Jaquenette;Brown and yellow marshbird;Pseudoleistes virescens;2019-05-23;89,9
563;563;563;563;563;Karry;Meerkat;Suricata suricatta;2022-03-13;4,9
564;564;564;564;564;Verna;Common eland;Taurotagus oryx;2021-07-17;14,8
565;565;565;565;565;Stephine;Gull, pacific;Gabianus pacificus;2020-06-10;53,9
566;566;566;566;566;Rafaela;Wild turkey;Meleagris gallopavo;2018-07-14;88,1
567;567;567;567;567;Sydney;Partridge, coqui;Francolinus coqui;2019-04-09;30,6
568;568;568;568;568;Shay;Jungle cat;Felis chaus;2022-01-17;71,3
569;569;569;569;569;Jessamyn;Eastern dwarf mongoose;Helogale undulata;2019-09-28;75,2
570;570;570;570;570;Etta;Old world fruit bat (unidentified);unavailable;2018-11-14;77,4
571;571;571;571;571;Blake;Eurasian hoopoe;Upupa epops;2017-08-03;12,5
572;572;572;572;572;Clare;Bettong, brush-tailed;Bettongia penicillata;2018-02-22;2,1
573;573;573;573;573;Morton;Alligator, american;Alligator mississippiensis;2019-08-31;82,7
574;574;574;574;574;Ivor;Stick insect;Leprocaulinus vipera;2017-09-13;95,3
575;575;575;575;575;Ninnetta;Common ringtail;Pseudocheirus peregrinus;2017-05-28;73,4
576;576;576;576;576;Nicki;Zorro, common;Dusicyon thous;2018-01-17;57,2
577;577;577;577;577;Christi;Bohor reedbuck;Redunca redunca;2019-05-04;40,4
578;578;578;578;578;Dominique;Weaver, lesser masked;Ploceus intermedius;2017-12-04;22,6
579;579;579;579;579;Damien;Pintail, bahama;Anas bahamensis;2020-05-29;99,9
580;580;580;580;580;Marcella;Puku;Kobus vardonii vardoni;2021-01-11;79,3
581;581;581;581;581;Rodolph;Adouri (unidentified);unavailable;2019-08-15;93,2
582;582;582;582;582;Roddie;Tern, royal;Thalasseus maximus;2021-09-15;24,4
583;583;583;583;583;Farrel;Owl, australian masked;Tyto novaehollandiae;2020-12-25;56,3
584;584;584;584;584;Krysta;Steller sea lion;Eumetopias jubatus;2017-10-12;52,5
585;585;585;585;585;Germaine;Blue waxbill;Uraeginthus angolensis;2022-02-19;61,3
586;586;586;586;586;Jehanna;Common eland;Taurotagus oryx;2017-03-19;22,2
587;587;587;587;587;Udell;Eastern boa constrictor;Acrantophis madagascariensis;2020-08-05;71,7
588;588;588;588;588;Marinna;Southern hairy-nosed wombat;Lasiorhinus latifrons;2020-09-30;6,9
589;589;589;589;589;Christoph;Mountain goat;Oreamnos americanus;2017-03-14;39,5
590;590;590;590;590;Victoir;Cook's tree boa;Corallus hortulanus cooki;2018-06-29;41,8
591;591;591;591;591;Ferdinande;Ass, asiatic wild;Equus hemionus;2019-12-16;90
592;592;592;592;592;Cchaddie;Ringtail cat;Bassariscus astutus;2019-11-22;89,9
593;593;593;593;593;Enriqueta;Tortoise, galapagos;Geochelone elephantopus;2017-08-20;11,7
594;594;594;594;594;Garald;Eagle, bateleur;Terathopius ecaudatus;2021-01-28;38,2
595;595;595;595;595;Selene;Canada goose;Branta canadensis;2022-01-12;39,2
596;596;596;596;596;Burk;Jackal, asiatic;Canis aureus;2020-02-15;16,9
597;597;597;597;597;Lorie;Otter, giant;Pteronura brasiliensis;2018-12-28;44,3
598;598;598;598;598;Barbra;Macaw, scarlet;Ara macao;2020-10-29;40,4
599;599;599;599;599;Elysia;Racer, blue;Coluber constrictor foxii;2020-12-09;75,1
600;600;600;600;600;Rafaello;Yak;Bos mutus;2022-02-28;92,3
601;601;601;601;601;Humphrey;Common mynah;Acridotheres tristis;2021-06-12;8,9
602;602;602;602;602;Raven;Dunnart, fat-tailed;Smithopsis crassicaudata;2019-10-09;12,8
603;603;603;603;603;Aldridge;Goose, greylag;Anser anser;2020-03-26;35,9
604;604;604;604;604;Rolfe;Slender-billed cockatoo;Cacatua tenuirostris;2019-02-17;70,8
605;605;605;605;605;Milty;Dromedary camel;Camelus dromedarius;2017-10-11;55,8
606;606;606;606;606;Flossi;Racer, american;Coluber constrictor;2020-03-26;14
607;607;607;607;607;Margareta;Ovenbird;Seiurus aurocapillus;2021-08-03;10,7
608;608;608;608;608;Ester;Asian water dragon;Physignathus cocincinus;2019-03-16;16,7
609;609;609;609;609;Warden;African buffalo;Snycerus caffer;2021-04-30;97,6
610;610;610;610;610;Raquel;White-winged black tern;Chlidonias leucopterus;2018-04-11;50,1
611;611;611;611;611;Sigismundo;Ocelot;Felis pardalis;2021-06-07;24,1
612;612;612;612;612;Dalston;Crab-eating raccoon;Procyon cancrivorus;2019-09-03;64,2
613;613;613;613;613;Cherrita;Vervet monkey;Cercopithecus aethiops;2021-03-31;88,4
614;614;614;614;614;Natasha;Dabchick;Tachybaptus ruficollis;2020-12-24;86,9
615;615;615;615;615;Merry;Wambenger, red-tailed;Phascogale calura;2018-01-04;91,2
616;616;616;616;616;Haleigh;Yellow-rumped siskin;Carduelis uropygialis;2019-02-24;73,5
617;617;617;617;617;Marie-ann;Euro wallaby;Macropus robustus;2019-01-01;89,2
618;618;618;618;618;Viviana;Dog, bush;Speothos vanaticus;2019-04-13;89,7
619;619;619;619;619;Chicky;Hudsonian godwit;Limosa haemastica;2021-03-24;41,2
620;620;620;620;620;Roxana;African jacana;Actophilornis africanus;2020-09-28;93,4
621;621;621;621;621;Eleanore;Tammar wallaby;Macropus eugenii;2020-11-14;37,5
622;622;622;622;622;Merci;Egyptian viper;Naja haje;2017-03-21;6,2
623;623;623;623;623;Tan;Owl, great horned;Bubo virginianus;2020-02-24;83,6
624;624;624;624;624;Cyndie;Swan, trumpeter;Cygnus buccinator;2019-01-30;63,2
625;625;625;625;625;Estele;Lourie, grey;Lorythaixoides concolor;2020-07-30;98,7
626;626;626;626;626;Karel;Malay squirrel (unidentified);unavailable;2022-02-16;57,6
627;627;627;627;627;Asher;Monitor, two-banded;Varanus salvator;2018-04-11;60
628;628;628;628;628;Eda;Dabchick;Tachybaptus ruficollis;2020-01-02;38,1
629;629;629;629;629;Larine;Spectacled caiman;Caiman crocodilus;2021-01-21;2,5
630;630;630;630;630;Maribeth;Lion, african;Panthera leo;2017-12-23;56,6
631;631;631;631;631;Olenolin;White-fronted capuchin;Cebus albifrons;2017-12-23;75,7
632;632;632;632;632;Rickie;Chital;Axis axis;2018-01-10;35,5
633;633;633;633;633;Delia;Water moccasin;Agkistrodon piscivorus;2018-08-04;66
634;634;634;634;634;Iain;Snake (unidentified);unavailable;2022-02-11;81,9
635;635;635;635;635;Bentley;Black-backed magpie;Gymnorhina tibicen;2020-07-21;7,2
636;636;636;636;636;Jens;Mountain lion;Felis concolor;2019-10-14;38,2
637;637;637;637;637;Katlin;Great white pelican;Pelecans onocratalus;2017-07-06;55,7
638;638;638;638;638;Yance;Black-eyed bulbul;Pycnonotus barbatus;2018-09-19;66
639;639;639;639;639;Yancy;Red-billed tropic bird;Phaethon aethereus;2019-08-08;34,9
640;640;640;640;640;Antoinette;Lesser masked weaver;Ploceus intermedius;2020-09-01;46
641;641;641;641;641;Darci;Ground monitor (unidentified);Varanus sp.;2020-09-02;9
642;642;642;642;642;Benjamin;Brown hyena;Hyaena brunnea;2017-06-22;98,2
643;643;643;643;643;Vonni;Little heron;Butorides striatus;2017-12-17;96,3
644;644;644;644;644;Janna;Gambel's quail;Callipepla gambelii;2018-01-18;26,4
645;645;645;645;645;Consuelo;Ox, musk;Ovibos moschatus;2021-01-09;38,5
646;646;646;646;646;Valma;Gambel's quail;Callipepla gambelii;2021-05-30;73,2
647;647;647;647;647;Kimberly;Spotted wood sandpiper;Tringa glareola;2021-11-04;49,8
648;648;648;648;648;Killian;Armadillo, common long-nosed;Dasypus novemcinctus;2017-03-10;28,8
649;649;649;649;649;Talbert;Asian water buffalo;Bubalus arnee;2020-05-09;62,6
650;650;650;650;650;Demetra;Grouse, greater sage;Centrocercus urophasianus;2017-11-12;38,7
651;651;651;651;651;Sally;Moorhen, purple;Porphyrio porphyrio;2019-06-22;28,3
652;652;652;652;652;Jillian;Blackbuck;Antilope cervicapra;2019-05-26;85,2
653;653;653;653;653;Shir;Killer whale;Orcinus orca;2017-03-12;15,6
654;654;654;654;654;Zorina;Yellow-throated sandgrouse;Pterocles gutturalis;2018-06-06;74
655;655;655;655;655;Wesley;Black spider monkey;Ateles paniscus;2020-04-01;17,9
656;656;656;656;656;Tod;Madagascar fruit bat;Pteropus rufus;2018-08-31;14,9
657;657;657;657;657;Lauren;Leadbeateri's ground hornbill;Bucorvus leadbeateri;2018-11-09;55,6
658;658;658;658;658;Fairfax;Turtle, eastern box;Terrapene carolina;2020-06-03;78,5
659;659;659;659;659;Coraline;Uinta ground squirrel;Spermophilus armatus;2018-06-18;7,1
660;660;660;660;660;Roana;Blue fox;Alopex lagopus;2019-07-08;16,2
661;661;661;661;661;Bunnie;Small-toothed palm civet;Arctogalidia trivirgata;2022-01-20;6,5
662;662;662;662;662;Sidoney;Hen, sage;Centrocercus urophasianus;2022-04-25;53,6
663;663;663;663;663;Rikki;Shelduck, european;Tadorna tadorna;2019-01-17;62,4
664;664;664;664;664;Valaria;Hen, sage;Centrocercus urophasianus;2021-11-20;42,9
665;665;665;665;665;Nancee;Southern lapwing;Vanellus chilensis;2018-06-26;40,5
666;666;666;666;666;Bjorn;Comb duck;Sarkidornis melanotos;2021-10-15;24,2
667;667;667;667;667;Kliment;Shrike, southern white-crowned;Eurocephalus anguitimens;2018-08-30;84
668;668;668;668;668;Hollis;Galapagos dove;Zenaida galapagoensis;2021-05-26;61,4
669;669;669;669;669;Rebekah;Western grey kangaroo;Macropus fuliginosus;2019-09-29;95,2
670;670;670;670;670;Kalli;Common wolf;Canis lupus;2020-04-05;55,3
671;671;671;671;671;Joane;Squirrel, grey-footed;Paraxerus cepapi;2021-07-02;75,4
672;672;672;672;672;Donelle;Red-billed tropic bird;Phaethon aethereus;2019-10-02;88,4
673;673;673;673;673;Miguel;Viper, egyptian;Naja haje;2018-08-12;31,7
674;674;674;674;674;Derrick;Lizard, collared;Crotaphytus collaris;2019-07-13;51,3
675;675;675;675;675;Ofilia;Puku;Kobus vardonii vardoni;2017-03-12;41,3
676;676;676;676;676;Thacher;Duck, comb;Sarkidornis melanotos;2022-01-30;37,4
677;677;677;677;677;Stevy;Sockeye salmon;Oncorhynchus nerka;2021-03-15;35,3
678;678;678;678;678;Bertina;Tortoise, galapagos;Geochelone elephantopus;2022-02-20;59,5
679;679;679;679;679;Sibylle;Lion, steller sea;Eumetopias jubatus;2021-09-22;37,4
680;680;680;680;680;Tommi;Phascogale, red-tailed;Phascogale calura;2017-02-07;2,4
681;681;681;681;681;Deeanne;Frogmouth, tawny;Podargus strigoides;2021-11-18;28,4
682;682;682;682;682;Morris;Black-tailed tree creeper;Climacteris melanura;2018-04-06;55,3
683;683;683;683;683;Corrina;Green-backed heron;Butorides striatus;2021-08-08;26,1
684;684;684;684;684;Maggee;Boa, columbian rainbow;Epicrates cenchria maurus;2017-09-26;77,3
685;685;685;685;685;Katharine;Capybara;Hydrochoerus hydrochaeris;2018-08-04;3
686;686;686;686;686;Natalya;Red kangaroo;Macropus rufus;2019-04-30;59,3
687;687;687;687;687;Hermy;Anaconda (unidentified);Eunectes sp.;2021-03-11;62,1
688;688;688;688;688;Bartolemo;Bent-toed gecko;Cyrtodactylus louisiadensis;2021-02-18;54,4
689;689;689;689;689;Quinta;Civet cat;Bassariscus astutus;2021-12-25;22,2
690;690;690;690;690;Travus;Black-capped capuchin;Cebus apella;2021-05-11;18,6
691;691;691;691;691;Yasmeen;Vervet monkey;Cercopithecus aethiops;2018-07-12;12,7
692;692;692;692;692;Zahara;Dusky gull;Larus fuliginosus;2019-08-09;43,9
693;693;693;693;693;Tonia;Bushpig;Potamochoerus porcus;2019-05-05;39,7
694;694;694;694;694;Thane;Little brown bat;Myotis lucifugus;2018-06-25;9,9
695;695;695;695;695;Bayard;Kangaroo, western grey;Macropus fuliginosus;2018-11-20;12,3
696;696;696;696;696;Avivah;Tropical buckeye butterfly;Junonia genoveua;2020-08-09;20
697;697;697;697;697;Debra;Grey fox;Vulpes cinereoargenteus;2018-04-04;72,5
698;698;698;698;698;Mavis;Water moccasin;Agkistrodon piscivorus;2018-10-06;39,4
699;699;699;699;699;Shane;Fox, cape;Vulpes chama;2019-02-04;46,2
700;700;700;700;700;Sebastien;Cat, african wild;Felis silvestris lybica;2018-01-29;5,8
701;701;701;701;701;Nertie;Skua, long-tailed;Stercorarius longicausus;2017-07-24;15,7
702;702;702;702;702;Garwood;Agile wallaby;Macropus agilis;2021-10-28;71,7
703;703;703;703;703;Esther;Rose-ringed parakeet;Psittacula krameri;2020-08-25;32,8
704;704;704;704;704;Martica;Mongoose, eastern dwarf;Helogale undulata;2018-06-20;42,6
705;705;705;705;705;Averill;Squirrel, smith's bush;Paraxerus cepapi;2021-10-05;29
706;706;706;706;706;Borg;Dragon, frilled;Chlamydosaurus kingii;2018-06-25;8,9
707;707;707;707;707;Antony;Asian false vampire bat;Megaderma spasma;2019-03-01;95,8
708;708;708;708;708;Donal;Penguin, little blue;Eudyptula minor;2018-10-06;37,9
709;709;709;709;709;Wes;Four-striped grass mouse;Rhabdomys pumilio;2022-02-05;25,9
710;710;710;710;710;Roxy;Macaque, bonnet;Macaca radiata;2020-06-28;14,1
711;711;711;711;711;Muhammad;Wolf, timber;Canis lupus lycaon;2021-02-26;31,1
712;712;712;712;712;Maddy;Long-crested hawk eagle;Lophoaetus occipitalis;2019-12-04;35,6
713;713;713;713;713;Farah;Duiker, common;Sylvicapra grimma;2018-05-22;12,1
714;714;714;714;714;Tiphany;Palm squirrel;Funambulus pennati;2021-07-10;82
715;715;715;715;715;Theadora;Penguin, little blue;Eudyptula minor;2019-08-25;85,1
716;716;716;716;716;Arluene;Elephant, african;Loxodonta africana;2017-08-24;30,8
717;717;717;717;717;Sascha;Mountain lion;Felis concolor;2021-11-07;69,7
718;718;718;718;718;Jeanine;White-faced tree rat;Echimys chrysurus;2020-02-14;53,6
719;719;719;719;719;Cathi;Greater roadrunner;Geococcyx californianus;2021-09-20;56
720;720;720;720;720;Herman;Tern, royal;Thalasseus maximus;2019-02-05;52,5
721;721;721;721;721;Kerrie;White-eye, pale;Zosterops pallidus;2018-12-02;40,7
722;722;722;722;722;Zenia;Iguana, common green;Iguana iguana;2021-01-28;1,5
723;723;723;723;723;Alvy;Savanna baboon;Papio cynocephalus;2021-09-05;19,6
724;724;724;724;724;Nariko;Civet cat;Bassariscus astutus;2020-07-02;74,5
725;725;725;725;725;Harmony;Plover, blacksmith;Vanellus armatus;2020-08-29;79,9
726;726;726;726;726;Lynnette;Grey-footed squirrel;Paraxerus cepapi;2018-09-07;40,2
727;727;727;727;727;Maurise;Genet, small-spotted;Genetta genetta;2017-05-14;59,1
728;728;728;728;728;Gwendolen;South American sea lion;Otaria flavescens;2017-08-31;78,4
729;729;729;729;729;Bruce;Harbor seal;Phoca vitulina;2022-04-05;85,3
730;730;730;730;730;Elroy;Asian lion;Panthera leo persica;2019-09-25;23,8
731;731;731;731;731;Hewett;Ornate rock dragon;Ctenophorus ornatus;2021-03-25;97,1
732;732;732;732;732;Marlyn;Asian openbill;Anastomus oscitans;2021-07-06;65,8
733;733;733;733;733;Poul;White-winged dove;Zenaida asiatica;2017-10-17;51,3
734;734;734;734;734;Devondra;Fox, grey;Vulpes cinereoargenteus;2021-02-24;97,5
735;735;735;735;735;Elana;Weaver, lesser masked;Ploceus intermedius;2019-05-01;68,1
736;736;736;736;736;Caron;Amazon parrot (unidentified);Amazona sp.;2021-04-23;53,8
737;737;737;737;737;Danie;Dark-winged trumpeter;Psophia viridis;2018-07-15;47,7
738;738;738;738;738;Aylmer;Killer whale;Orcinus orca;2022-02-22;94,2
739;739;739;739;739;Cletis;Raven, white-necked;Corvus albicollis;2021-03-19;92
740;740;740;740;740;Ellyn;Red and blue macaw;Ara chloroptera;2021-03-29;52,7
741;741;741;741;741;Hiram;Cockatoo, sulfur-crested;Cacatua galerita;2017-07-27;83,1
742;742;742;742;742;Sloan;Puma;Felis concolor;2017-06-04;4,4
743;743;743;743;743;Ferdinand;Porcupine, tree;Coendou prehensilis;2021-07-09;38,5
744;744;744;744;744;Jo;Cow, scottish highland;Bos taurus;2019-01-14;64,1
745;745;745;745;745;Edsel;Orca;Orcinus orca;2018-05-18;37,7
746;746;746;746;746;Anatollo;Sloth bear;Melursus ursinus;2020-09-22;80,9
747;747;747;747;747;Rodolfo;Sandgrouse, yellow-throated;Pterocles gutturalis;2019-12-05;93,7
748;748;748;748;748;Fredrika;Southern tamandua;Tamandua tetradactyla;2021-03-23;26,7
749;749;749;749;749;Tuckie;Gnu, brindled;Connochaetus taurinus;2020-07-25;91,8
750;750;750;750;750;Roxy;Penguin, fairy;Eudyptula minor;2020-11-12;22,4
751;751;751;751;751;Corilla;Stork, yellow-billed;Mycteria ibis;2019-03-14;74,7
752;752;752;752;752;Alexine;Woolly-necked stork;Ciconia episcopus;2019-01-23;36,7
753;753;753;753;753;Buckie;Lion, steller's sea;Eumetopias jubatus;2020-04-21;20,6
754;754;754;754;754;Jarrad;Macaw, blue and yellow;Ara ararauna;2017-10-30;78,3
755;755;755;755;755;Glennie;Toucan, red-billed;Ramphastos tucanus;2021-07-31;16,7
756;756;756;756;756;Daune;Vulture, king;Sarcorhamphus papa;2017-06-06;57,8
757;757;757;757;757;Cammy;Cuis;Microcavia australis;2020-06-21;88,1
758;758;758;758;758;Ryann;Whale, killer;Orcinus orca;2018-01-09;15,1
759;759;759;759;759;Thurston;Steenbuck;Raphicerus campestris;2022-04-18;66,8
760;760;760;760;760;Nettle;Dabchick;Tachybaptus ruficollis;2019-10-26;59,9
761;761;761;761;761;Trix;African wild cat;Felis silvestris lybica;2021-06-06;60,9
762;762;762;762;762;Zarah;Blue wildebeest;Connochaetus taurinus;2019-12-11;77
763;763;763;763;763;Timofei;White-fronted capuchin;Cebus albifrons;2017-08-11;83,2
764;764;764;764;764;Gloriane;Common shelduck;Tadorna tadorna;2017-12-31;72,9
765;765;765;765;765;Maurie;Whale, long-finned pilot;Globicephala melas;2017-07-23;52,7
766;766;766;766;766;Clemmy;Eastern white pelican;Pelecans onocratalus;2021-01-20;65,5
767;767;767;767;767;Flynn;Cliffchat, mocking;Thamnolaea cinnmomeiventris;2018-02-02;81
768;768;768;768;768;Montague;Sage hen;Centrocercus urophasianus;2017-04-13;82,6
769;769;769;769;769;Aubrey;Southern tamandua;Tamandua tetradactyla;2020-04-25;42,9
770;770;770;770;770;Vernon;Woolly-necked stork;Ciconia episcopus;2018-06-06;95,3
771;771;771;771;771;Dode;African lion;Panthera leo;2019-10-16;51,1
772;772;772;772;772;Anatollo;Lesser masked weaver;Ploceus intermedius;2021-06-04;97
773;773;773;773;773;Audrye;Snowy owl;Nyctea scandiaca;2018-12-02;49,8
774;774;774;774;774;Siward;Rattlesnake, eastern diamondback;Crotalus adamanteus;2019-02-27;27,4
775;775;775;775;775;Dorella;Ostrich;Struthio camelus;2019-11-28;57,4
776;776;776;776;776;Hedwig;Deer, mule;Odocoileus hemionus;2021-07-13;50,5
777;777;777;777;777;Winn;Snake, carpet;Morelia spilotes variegata;2018-02-21;44,5
778;778;778;778;778;Becki;Western bearded dragon;Amphibolurus barbatus;2020-07-24;2,9
779;779;779;779;779;Cynde;Squirrel, uinta ground;Spermophilus armatus;2022-03-19;63
780;780;780;780;780;Minne;Lizard, mexican beaded;Heloderma horridum;2021-04-12;50,7
781;781;781;781;781;Gerda;Greater kudu;Tragelaphus strepsiceros;2018-08-21;67,4
782;782;782;782;782;Stephan;Pintail, bahama;Anas bahamensis;2019-09-22;24,7
783;783;783;783;783;Darren;Least chipmunk;Eutamias minimus;2018-05-09;56,2
784;784;784;784;784;Flore;Greater kudu;Tragelaphus strepsiceros;2019-07-01;15,5
785;785;785;785;785;Genia;Striped skunk;Mephitis mephitis;2019-05-24;86,6
786;786;786;786;786;Andreas;Rhea, gray;Rhea americana;2018-10-05;60,6
787;787;787;787;787;Haskel;Blue-tongued skink;Tiliqua scincoides;2020-08-10;92,3
788;788;788;788;788;Gabriel;Bushbaby, large-eared;Galago crassicaudataus;2021-09-02;2,7
789;789;789;789;789;Kenn;Wallaby, agile;Macropus agilis;2022-01-22;48,1
790;790;790;790;790;Weston;Mule deer;Odocoileus hemionus;2022-02-22;53,4
791;791;791;791;791;Irina;Porcupine, prehensile-tailed;Coendou prehensilis;2019-02-09;88,2
792;792;792;792;792;Iago;Giant girdled lizard;Cordylus giganteus;2018-09-04;92,6
793;793;793;793;793;Patricio;Chacma baboon;Papio ursinus;2020-08-01;71,6
794;794;794;794;794;Rory;Glossy ibis;Plegadis falcinellus;2019-03-24;90,3
795;795;795;795;795;Berky;Waxbill, violet-eared;Uraeginthus granatina;2018-12-01;94,9
796;796;796;796;796;Thorvald;Tortoise, burmese black mountain;Manouria emys;2020-07-27;6,2
797;797;797;797;797;Daniela;Indian peacock;Pavo cristatus;2020-06-05;48,8
798;798;798;798;798;Jemima;American woodcock;Scolopax minor;2018-11-24;81,3
799;799;799;799;799;Farrel;Grant's gazelle;Gazella granti;2017-08-30;26,1
800;800;800;800;800;Llewellyn;Screamer, southern;Chauna torquata;2017-09-08;96,9
801;801;801;801;801;Charmion;Spoonbill, white;Platalea leucordia;2019-01-08;55,4
802;802;802;802;802;Jessamine;Stanley crane;Anthropoides paradisea;2019-03-18;74,9
803;803;803;803;803;Ernest;Vulture, turkey;Cathartes aura;2019-03-15;62,6
804;804;804;804;804;Barbette;Gull, lava;Larus fuliginosus;2017-04-02;20,1
805;805;805;805;805;Zerk;Aardwolf;Proteles cristatus;2018-07-26;83,9
806;806;806;806;806;Hunter;Long-tailed skua;Stercorarius longicausus;2019-07-30;54,4
807;807;807;807;807;Caprice;Jungle cat;Felis chaus;2019-04-05;40,4
808;808;808;808;808;Algernon;Laughing dove;Streptopelia senegalensis;2017-08-10;7,4
809;809;809;809;809;Doroteya;Gazelle, grant's;Gazella granti;2018-07-15;89,7
810;810;810;810;810;Constantina;Hartebeest, coke's;Alcelaphus buselaphus cokii;2022-04-01;13,8
811;811;811;811;811;Roderigo;Squirrel, eastern fox;Sciurus niger;2019-12-30;90,6
812;812;812;812;812;Harwell;Agama lizard (unidentified);Agama sp.;2021-01-28;69,9
813;813;813;813;813;Jacki;Hawk, galapagos;Buteo galapagoensis;2021-06-25;73,7
814;814;814;814;814;Lona;Cat, civet;Bassariscus astutus;2021-09-12;15,8
815;815;815;815;815;Faustine;Sparrow, rufous-collared;Zonotrichia capensis;2019-11-24;96,1
816;816;816;816;816;Brigida;Two-banded monitor;Varanus salvator;2020-04-18;52
817;817;817;817;817;Robbie;Sparrow, rufous-collared;Zonotrichia capensis;2017-11-29;11,2
818;818;818;818;818;Marysa;Blue-tongued skink;Tiliqua scincoides;2021-04-14;45
819;819;819;819;819;Doralin;Baboon, yellow;Papio cynocephalus;2017-12-05;3,9
820;820;820;820;820;Stu;Mexican wolf;Canis lupus baileyi;2021-04-20;77,5
821;821;821;821;821;Cecil;Stanley crane;Anthropoides paradisea;2020-02-01;80,8
822;822;822;822;822;Meade;Pigeon, feral rock;Columba livia;2022-01-26;10,2
823;823;823;823;823;Agnese;Kinkajou;Potos flavus;2017-09-15;73,9
824;824;824;824;824;Cammy;Dassie;Dendrohyrax brucel;2017-03-10;59,9
825;825;825;825;825;Dorotea;Waved albatross;Diomedea irrorata;2020-05-04;26,4
826;826;826;826;826;Kermy;White-faced tree rat;Echimys chrysurus;2020-05-12;51,7
827;827;827;827;827;Kevon;Blue peacock;Pavo cristatus;2017-05-25;12
828;828;828;828;828;Amalie;Deer, swamp;Cervus duvauceli;2018-09-22;98
829;829;829;829;829;Kalinda;Ant (unidentified);unavailable;2020-02-11;19,9
830;830;830;830;830;Jacob;Red-billed tropic bird;Phaethon aethereus;2021-02-10;33,6
831;831;831;831;831;Sandor;Magellanic penguin;Spheniscus magellanicus;2020-06-22;80,6
832;832;832;832;832;Massimiliano;Frilled dragon;Chlamydosaurus kingii;2020-06-15;84,4
833;833;833;833;833;Bee;Sheep, american bighorn;Ovis canadensis;2019-09-12;66,9
834;834;834;834;834;Silvana;Rhesus macaque;Macaca mulatta;2019-09-23;23,8
835;835;835;835;835;Nikita;Grant's gazelle;Gazella granti;2017-08-20;28,2
836;836;836;836;836;Bond;Spoonbill, european;Platalea leucordia;2020-11-28;42,6
837;837;837;837;837;Camellia;Deer, red;Cervus elaphus;2020-11-06;14,7
838;838;838;838;838;Marlin;Lory, rainbow;Trichoglossus haematodus moluccanus;2021-12-26;56,1
839;839;839;839;839;Camella;Spotted-tailed quoll;Dasyurus maculatus;2020-09-18;7,1
840;840;840;840;840;Aldis;Golden eagle;Aquila chrysaetos;2019-08-14;84,9
841;841;841;841;841;Stillman;Boat-billed heron;Cochlearius cochlearius;2019-11-21;61,9
842;842;842;842;842;Emmeline;Dolphin, striped;Stenella coeruleoalba;2020-04-15;60,8
843;843;843;843;843;Katerina;Antelope, roan;Hippotragus equinus;2021-04-07;37,7
844;844;844;844;844;Basil;Verreaux's sifaka;Propithecus verreauxi;2021-07-17;51,4
845;845;845;845;845;Delphinia;Brown antechinus;Antechinus flavipes;2019-07-18;92,9
846;846;846;846;846;Beatrice;Black-capped chickadee;Parus atricapillus;2019-06-14;22,7
847;847;847;847;847;Thornton;Kudu, greater;Tragelaphus strepsiceros;2020-11-01;72,6
848;848;848;848;848;Dita;Booby, masked;Sula dactylatra;2017-08-19;49,6
849;849;849;849;849;Angelique;Macaw, blue and yellow;Ara ararauna;2018-09-15;68,9
850;850;850;850;850;Tabbi;Black bear;Ursus americanus;2020-06-01;63,3
851;851;851;851;851;Rebecka;Heron, green;Butorides striatus;2021-08-31;95,7
852;852;852;852;852;Tomaso;Duck, mountain;Hymenolaimus malacorhynchus;2022-05-12;80,8
853;853;853;853;853;Annalee;Red-winged blackbird;Agelaius phoeniceus;2017-05-07;72,9
854;854;854;854;854;Sheela;Langur, common;Semnopithecus entellus;2017-03-07;96,2
855;855;855;855;855;Matt;Squirrel, antelope ground;Ammospermophilus nelsoni;2020-02-06;22,9
856;856;856;856;856;Alma;Shelduck, european;Tadorna tadorna;2019-01-25;59,1
857;857;857;857;857;Binnie;Red-breasted nuthatch;Sitta canadensis;2018-04-26;3,9
858;858;858;858;858;Tomaso;Iguana, land;Conolophus subcristatus;2017-12-18;62,3
859;859;859;859;859;Amata;Goose, andean;Chloephaga melanoptera;2021-04-12;87,8
860;860;860;860;860;Leslie;Squirrel, eurasian red;Sciurus vulgaris;2019-05-26;95,4
861;861;861;861;861;Tait;Squirrel, malabar;Ratufa indica;2018-07-20;42,5
862;862;862;862;862;Lyssa;Galapagos hawk;Buteo galapagoensis;2021-05-22;22,1
863;863;863;863;863;Thibaud;White-cheeked pintail;Anas bahamensis;2018-11-08;6,3
864;864;864;864;864;Arlee;Cape cobra;Naja nivea;2021-01-15;61,9
865;865;865;865;865;Bryon;Ibis, puna;Plegadis ridgwayi;2018-06-18;82,7
866;866;866;866;866;Martie;Bat, madagascar fruit;Pteropus rufus;2021-10-17;77,8
867;867;867;867;867;Aleta;Cobra (unidentified);Naja sp.;2021-03-15;29,9
868;868;868;868;868;Melody;Ferruginous hawk;Buteo regalis;2021-02-02;97,9
869;869;869;869;869;Kari;Cockatoo, sulfur-crested;Cacatua galerita;2020-06-20;38
870;870;870;870;870;Hermina;Mountain goat;Oreamnos americanus;2022-01-12;84,6
871;871;871;871;871;Evelyn;Crowned hawk-eagle;Spizaetus coronatus;2019-12-11;87,4
872;872;872;872;872;Mercie;Heron, striated;Butorides striatus;2019-04-20;88,9
873;873;873;873;873;Verene;Robin, kalahari scrub;Certotrichas paena;2021-12-19;4,8
874;874;874;874;874;Britni;Tortoise, indian star;Geochelone elegans;2021-05-11;54,8
875;875;875;875;875;Gracie;Lion, southern sea;Otaria flavescens;2019-07-09;58,4
876;876;876;876;876;Ramonda;Baboon, savanna;Papio cynocephalus;2017-09-04;58,3
877;877;877;877;877;Ellswerth;Carpet snake;Morelia spilotes variegata;2018-02-19;91,8
878;878;878;878;878;Ara;Dragon, komodo;Varanus komodensis;2021-05-02;95,2
879;879;879;879;879;Bronny;Galapagos sea lion;Zalophus californicus;2021-10-31;34,4
880;880;880;880;880;Breena;Sally lightfoot crab;Graspus graspus;2017-12-14;11,4
881;881;881;881;881;Junina;Fairy penguin;Eudyptula minor;2021-03-18;82,9
882;882;882;882;882;Elspeth;Goose, egyptian;Alopochen aegyptiacus;2020-06-14;51,7
883;883;883;883;883;Marie-ann;Tapir, brazilian;Tapirus terrestris;2021-03-26;83,5
884;884;884;884;884;Annissa;Hyrax;Dendrohyrax brucel;2017-10-29;50,4
885;885;885;885;885;Florance;Duck, comb;Sarkidornis melanotos;2021-12-17;7,9
886;886;886;886;886;Aili;Bustard, kori;Choriotis kori;2021-01-03;34,7
887;887;887;887;887;Judon;Bulbul, black-fronted;Pycnonotus nigricans;2018-01-25;93
888;888;888;888;888;Shannon;Dove, mourning collared;Streptopelia decipiens;2017-06-18;82,5
889;889;889;889;889;Arv;Hornbill, yellow-billed;Tockus flavirostris;2018-03-23;46,2
890;890;890;890;890;Halley;Paradoxure;Paradoxurus hermaphroditus;2017-11-20;11,1
891;891;891;891;891;Martica;Snow goose;Anser caerulescens;2018-05-14;87,8
892;892;892;892;892;Angela;Two-banded monitor;Varanus salvator;2020-12-06;75,8
893;893;893;893;893;Rivkah;Stork, black-necked;Ephippiorhynchus mycteria;2019-07-10;36,8
894;894;894;894;894;Meghan;Blue shark;Prionace glauca;2021-08-14;78
895;895;895;895;895;Haily;Arctic lemming;Dicrostonyx groenlandicus;2017-10-01;25,2
896;896;896;896;896;Tedi;Egyptian goose;Alopochen aegyptiacus;2018-12-26;38,1
897;897;897;897;897;Harley;Royal tern;Thalasseus maximus;2019-08-14;47,9
898;898;898;898;898;Lamont;Pied crow;Corvus albus;2019-10-09;81,4
899;899;899;899;899;Peri;Crab-eating fox;Dusicyon thous;2021-11-16;52,1
900;900;900;900;900;Scotty;Crab-eating fox;Dusicyon thous;2019-02-05;88,1
901;901;901;901;901;Elsy;Flightless cormorant;Nannopterum harrisi;2020-02-07;33,3
902;902;902;902;902;Dermot;Sloth bear;Melursus ursinus;2017-12-28;26,6
903;903;903;903;903;Binni;Gaur;Bos frontalis;2019-04-08;54,8
904;904;904;904;904;Hanna;Arctic fox;Alopex lagopus;2020-05-01;54,9
905;905;905;905;905;Clare;Brush-tailed bettong;Bettongia penicillata;2020-08-30;30,5
906;906;906;906;906;Lilli;Hudsonian godwit;Limosa haemastica;2021-09-08;64,3
907;907;907;907;907;Orelle;Wild water buffalo;Bubalus arnee;2021-04-13;27,5
908;908;908;908;908;Zuzana;Pie, indian tree;Dendrocitta vagabunda;2021-07-20;12,7
909;909;909;909;909;Lauree;Common grenadier;Uraeginthus granatina;2020-08-04;32,8
910;910;910;910;910;Skipton;Agouti;Dasyprocta leporina;2019-03-03;20,4
911;911;911;911;911;Jackie;Kiskadee, great;Pitangus sulphuratus;2021-04-18;71,7
912;912;912;912;912;Shalne;Crane, sarus;Grus antigone;2019-06-23;76
913;913;913;913;913;Philip;Eastern indigo snake;Drymarchon corias couperi;2021-11-22;77,7
914;914;914;914;914;Reinold;Grey-footed squirrel;Paraxerus cepapi;2017-03-10;79,9
915;915;915;915;915;Derward;Shelduck, european;Tadorna tadorna;2022-02-24;82,8
916;916;916;916;916;Tobi;Roan antelope;Hippotragus equinus;2017-07-26;61,4
917;917;917;917;917;Eziechiele;Possum, golden brush-tailed;Trichosurus vulpecula;2018-10-08;89,5
918;918;918;918;918;Henrie;American black bear;Ursus americanus;2018-01-05;21
919;919;919;919;919;Jonah;Moorhen, purple;Porphyrio porphyrio;2019-10-29;72,7
920;920;920;920;920;Randi;Cormorant, neotropic;Phalacrocorax brasilianus;2020-03-13;55,6
921;921;921;921;921;Thorny;Lemur, ring-tailed;Lemur catta;2018-11-08;15,4
922;922;922;922;922;Lorraine;Monkey, vervet;Cercopithecus aethiops;2020-01-15;63,2
923;923;923;923;923;Karyn;Desert kangaroo rat;Dipodomys deserti;2019-03-26;92,9
924;924;924;924;924;Cecilia;Phascogale, red-tailed;Phascogale calura;2021-06-17;19,3
925;925;925;925;925;Dedra;Western grey kangaroo;Macropus fuliginosus;2021-11-20;58,5
926;926;926;926;926;Herve;Bee-eater (unidentified);Merops sp.;2019-11-15;53,8
927;927;927;927;927;Corina;Francolin, swainson's;Francolinus swainsonii;2018-03-20;19,2
928;928;928;928;928;Paolina;Black curlew;Haematopus ater;2020-06-15;39,9
929;929;929;929;929;Leonelle;Greater kudu;Tragelaphus strepsiceros;2018-01-19;82,2
930;930;930;930;930;Matthias;Flamingo, lesser;Phoeniconaias minor;2019-03-03;88,3
931;931;931;931;931;Burton;Pied cormorant;Phalacrocorax varius;2021-07-28;7,9
932;932;932;932;932;Bryn;Seal, common;Phoca vitulina;2021-10-25;9
933;933;933;933;933;Adena;Lizard, collared;Crotaphytus collaris;2020-07-10;88,1
934;934;934;934;934;Salim;Sulfur-crested cockatoo;Cacatua galerita;2017-11-15;43,1
935;935;935;935;935;Jacky;Phascogale, red-tailed;Phascogale calura;2022-03-31;37,5
936;936;936;936;936;Wendeline;Red meerkat;Cynictis penicillata;2020-06-07;88,8
937;937;937;937;937;Doralin;Western bearded dragon;Amphibolurus barbatus;2017-10-20;1,1
938;938;938;938;938;Binnie;American bighorn sheep;Ovis canadensis;2022-03-23;84,2
939;939;939;939;939;Sacha;Lory, rainbow;Trichoglossus haematodus moluccanus;2018-01-23;27,6
940;940;940;940;940;Drake;Zebra, common;Equus burchelli;2021-08-16;1,3
941;941;941;941;941;Everard;Crimson-breasted shrike;Laniaurius atrococcineus;2017-09-28;45,4
942;942;942;942;942;Row;Sheep, stone;Ovis dalli stonei;2022-05-16;14,1
943;943;943;943;943;Mitchael;Blue catfish;Ictalurus furcatus;2021-08-19;79,4
944;944;944;944;944;Karleen;Asian elephant;Elephas maximus bengalensis;2018-03-20;64,2
945;945;945;945;945;Cacilia;Four-horned antelope;Tetracerus quadricornis;2017-04-24;4,4
946;946;946;946;946;Janith;Red-billed tropic bird;Phaethon aethereus;2017-02-21;46,1
947;947;947;947;947;Abraham;Duck, comb;Sarkidornis melanotos;2017-04-03;19,7
948;948;948;948;948;Valentijn;Little grebe;Tachybaptus ruficollis;2018-11-15;48,6
949;949;949;949;949;Rodina;Australian magpie;Gymnorhina tibicen;2018-07-08;83
950;950;950;950;950;Andra;Asian water buffalo;Bubalus arnee;2022-03-21;91,6
951;951;951;951;951;Dru;Wallaby, red-necked;Macropus rufogriseus;2021-09-09;41,1
952;952;952;952;952;Wendel;Agouti;Dasyprocta leporina;2021-02-19;4,4
953;953;953;953;953;Ardys;Ornate rock dragon;Ctenophorus ornatus;2017-11-17;24,9
954;954;954;954;954;Symon;Yellow-brown sungazer;Cordylus giganteus;2021-11-23;10,1
955;955;955;955;955;Floria;Ground monitor (unidentified);Varanus sp.;2019-07-29;92,4
956;956;956;956;956;Ricki;Fox, silver-backed;Vulpes chama;2018-12-03;3,6
957;957;957;957;957;Eudora;Burchell's gonolek;Laniaurius atrococcineus;2021-11-24;34,8
958;958;958;958;958;Jenn;Burmese black mountain tortoise;Manouria emys;2021-09-19;84,9
959;959;959;959;959;Randolf;Wallaby, bennett's;Macropus rufogriseus;2022-01-01;45,7
960;960;960;960;960;Emma;Common brushtail possum;Trichosurus vulpecula;2017-06-15;89,7
961;961;961;961;961;Melamie;Southern hairy-nosed wombat;Lasiorhinus latifrons;2018-09-24;1,8
962;962;962;962;962;Nap;Crane, blue;Anthropoides paradisea;2021-10-13;36,6
963;963;963;963;963;Grier;Crowned eagle;Spizaetus coronatus;2021-09-26;91,9
964;964;964;964;964;Clayborn;Lemur, lesser mouse;Microcebus murinus;2019-03-18;10,6
965;965;965;965;965;Annadiane;Southern hairy-nosed wombat;Lasiorhinus latifrons;2021-06-11;59
966;966;966;966;966;Amelie;Gecko, ring-tailed;Cyrtodactylus louisiadensis;2018-06-15;23,2
967;967;967;967;967;Genny;Red brocket;Mazama americana;2021-01-19;35
968;968;968;968;968;Hastie;Skua, great;Catharacta skua;2017-12-28;28,2
969;969;969;969;969;Kayla;Asiatic wild ass;Equus hemionus;2020-09-21;80,7
970;970;970;970;970;Odette;Cereopsis goose;Cereopsis novaehollandiae;2019-04-19;38,4
971;971;971;971;971;Janine;Duiker, common;Sylvicapra grimma;2019-01-21;10,6
972;972;972;972;972;Denver;Mourning collared dove;Streptopelia decipiens;2020-05-30;5,9
973;973;973;973;973;Roseann;Secretary bird;Sagittarius serpentarius;2017-11-15;87
974;974;974;974;974;Somerset;Blue-tongued skink;Tiliqua scincoides;2019-06-22;88,6
975;975;975;975;975;Byron;North American porcupine;Erethizon dorsatum;2022-01-12;8
976;976;976;976;976;Nani;Blue-faced booby;Sula dactylatra;2020-02-09;16,9
977;977;977;977;977;Del;Macaque, rhesus;Macaca mulatta;2021-06-23;62,3
978;978;978;978;978;Robers;Burchell's gonolek;Laniaurius atrococcineus;2017-07-24;59,6
979;979;979;979;979;Rod;Crowned hawk-eagle;Spizaetus coronatus;2020-04-20;45,9
980;980;980;980;980;Tracie;Bat, madagascar fruit;Pteropus rufus;2017-04-25;70,6
981;981;981;981;981;Davy;Glossy ibis;Plegadis falcinellus;2019-10-27;70,9
982;982;982;982;982;Dudley;Macaw, blue and gold;Ara ararauna;2018-02-18;70,6
983;983;983;983;983;Elonore;Sambar;Cervus unicolor;2021-01-27;32,6
984;984;984;984;984;Gus;Gecko, tokay;Gekko gecko;2019-03-31;87,4
985;985;985;985;985;Maggi;White-faced whistling duck;Dendrocygna viduata;2017-10-25;6,7
986;986;986;986;986;Eugine;Common nighthawk;Chordeiles minor;2022-03-10;80,4
987;987;987;987;987;Berkie;Macaque, japanese;Macaca fuscata;2020-05-25;7
988;988;988;988;988;Kandy;Hummingbird (unidentified);unavailable;2021-08-09;73,6
989;989;989;989;989;Nanette;Carmine bee-eater;Merops nubicus;2019-10-09;72
990;990;990;990;990;Melina;Bulbul, african red-eyed;Pycnonotus nigricans;2019-09-03;71,9
991;991;991;991;991;Florina;Cape cobra;Naja nivea;2017-08-30;28,4
992;992;992;992;992;Lorne;Deer, black-tailed;Odocoileus hemionus;2020-05-17;31
993;993;993;993;993;Jerrilyn;Red and blue macaw;Ara chloroptera;2022-04-25;73,9
994;994;994;994;994;Maxwell;Civet, common palm;Paradoxurus hermaphroditus;2019-12-15;69,8
995;995;995;995;995;Karina;Vulture, turkey;Cathartes aura;2020-11-05;16,7
996;996;996;996;996;Thorstein;Sandgrouse, yellow-throated;Pterocles gutturalis;2018-11-02;79,3
997;997;997;997;997;Mariette;Lappet-faced vulture;Aegypius tracheliotus;2017-12-12;25,6
998;998;998;998;998;Alfredo;Asian foreset tortoise;Manouria emys;2020-02-29;77,1
999;999;999;999;999;Constanta;Giant otter;Pteronura brasiliensis;2017-07-06;84,9
1000;1000;1000;1000;1000;Melvin;Least chipmunk;Eutamias minimus;2020-12-20;74,1
