﻿id_turno;fecha;hora;motivo_consulta
1;2021-01-05;5:21:37;Open wound pharynx-compl
2;2019-06-27;21:51:28;Blister NEC
3;2021-05-18;4:53:26;High head at term-deliv
4;2022-03-14;9:33:08;Lepromatous leprosy
5;2018-04-26;6:35:43;Umbil cond NEC aff NB
6;2018-12-04;13:04:52;Malig neopl pleura NEC
7;2018-12-10;18:09:23;Premature ejaculation
8;2017-03-18;5:42:22;Chr duoden ulc perf-obst
9;2020-09-16;8:47:25;War inj:marine mines
10;2020-02-23;22:24:50;Anesth compl NOS-deliver
11;2019-01-07;7:23:24;W/craft stair fall-unpow
12;2017-12-03;10:56:49;Brain injury w opn wnd
13;2018-06-13;15:35:47;Family history glaucoma
14;2022-02-18;3:02:44;Oth coll stn obj-per NEC
15;2020-04-24;17:17:57;Brain hem NEC-deep coma
16;2018-01-31;8:01:38;Dissem choroiditis, post
17;2022-04-05;23:20:26;Accessory auricle
18;2018-07-02;18:48:47;Sprain of wrist NOS
19;2017-08-22;15:31:45;Hx of bone malignancy
20;2022-01-04;20:14:26;Bone disorder-postpartum
21;2022-01-18;1:32:21;Deviated nasal septum
22;2018-10-25;12:53:54;Gonorrhea in preg-unspec
23;2018-06-25;5:13:12;Iodine hypothyroidism
24;2017-12-18;23:32:44;Ocl art NOS w infrct
25;2017-09-10;4:21:20;Chr perichondritis pinna
26;2019-10-13;3:21:09;Acute gouty arthropathy
27;2019-08-26;7:01:49;Obstr incisional hernia
28;2021-09-09;20:43:29;Early syph latent relaps
29;2017-10-27;4:01:55;Congen night blindness
30;2020-03-11;2:35:18;Drug mental disorder NEC
31;2018-05-29;14:32:04;Reticulosarcoma thorax
32;2017-07-24;12:31:36;Triplet gest 2+ monochor
33;2021-10-16;10:33:42;Dislocat patella-closed
34;2017-10-10;11:31:16;Hepatomegaly
35;2018-11-25;11:39:01;Injury hepatic artery
36;2017-05-29;12:58:24;Brain hem open-coma NOS
37;2017-08-04;5:53:27;Heart compl in del-deliv
38;2021-02-04;3:59:15;Hx of emotional abuse
39;2019-03-07;17:33:56;Artific rupt membr-deliv
40;2018-05-03;1:05:05;H zoster nerv syst NOS
41;2019-09-05;12:45:15;Mal neo spinal meninges
42;2017-12-12;13:02:03;Fascioliasis
43;2017-04-03;16:25:43;Dislocat coccyx-closed
44;2018-11-27;17:57:38;Ulcerative enterocolitis
45;2017-09-03;1:11:46;Brain neoplasm NOS
46;2017-09-04;19:17:48;Pyogen arthritis-hand
47;2019-01-05;21:55:30;GI injury NOS-closed
48;2018-06-04;7:31:49;Hypocalcem/hypomagnes NB
49;2020-03-04;8:09:16;Fx clavicle shaft-closed
50;2018-02-04;15:09:46;Circadian rhy-delay slp
51;2019-05-21;9:25:48;3rd deg burn arm NOS
52;2018-10-19;2:02:12;Oth abn fet disprop-unsp
53;2018-05-04;5:15:21;Congen syph meningitis
54;2021-11-12;20:18:25;Cong pulmon valve stenos
55;2022-03-17;17:37:21;Tubrclma sp crd-histo dx
56;2017-11-11;2:18:57;Stromal cornea pigment
57;2020-04-18;6:23:10;Kidney hematoma-closed
58;2019-07-09;3:17:09;Ab NOS w compl NOS-comp
59;2020-01-31;22:52:45;Conduc hear loss ext ear
60;2019-01-23;22:07:38;Persist occiptpost-antep
61;2021-09-12;23:50:41;Vaccin for tuberculosis
62;2019-12-30;13:01:59;Mal neo super nasopharyn
63;2019-11-03;22:06:58;Infect nipple preg-unsp
64;2021-05-18;18:47:14;Cryptococcosis
65;2018-01-22;4:21:20;Oth coll mov obj-st car
66;2022-01-11;17:11:47;Cyst of bone NOS
67;2017-07-07;19:31:52;Prob-head/neck/trunk NOS
68;2019-04-10;9:33:31;TB of adrenal-unspec
69;2018-05-27;3:42:05;Chr pept ulc hem/perf-ob
70;2020-03-20;17:39:19;Ant pituit hyperfunc NEC
71;2021-01-18;2:52:34;Cond hear loss inner ear
72;2017-11-30;10:48:05;Oth spf gastrt w hmrhg
73;2017-08-13;12:29:33;Bipol I currnt mix-mild
74;2021-02-09;2:39:12;Brain inj NEC-brief coma
75;2021-11-01;10:09:58;Poisoning-bromine compnd
76;2021-08-09;7:18:34;Cl skul w oth fx/hem NEC
77;2018-03-14;14:05:05;Mech loosening pros jt
78;2017-05-15;15:29:13;Malposition NEC-antepart
79;2018-05-24;6:36:14;Pl cocidioidomycosis NOS
80;2022-01-11;0:08:05;Uterine endometriosis
81;2018-07-18;21:40:09;Quartan malaria
82;2019-01-12;22:50:26;Drug depend preg-unspec
83;2022-02-09;22:23:14;Gangr incisional hernia
84;2021-10-12;10:54:28;Presenile depression
85;2020-11-01;17:57:01;Undetermin circ-handgun
86;2020-05-30;19:51:32;Subclavian aneurysm
87;2021-12-12;1:24:05;Tubal preg w/o intra prg
88;2017-05-26;9:34:48;Comp-oth int ortho devic
89;2019-03-01;9:23:30;Metabolism disorder NOS
90;2021-02-24;3:44:53;Scarring of conjunctiva
91;2017-03-27;22:07:33;History of tobacco use
92;2018-08-27;19:03:28;Hypotension NOS
93;2021-04-04;3:09:58;Sprain lateral coll lig
94;2022-03-30;10:13:41;Pyrophos cryst-site NEC
95;2021-03-21;20:00:48;Nail anomalies NEC
96;2019-03-25;8:07:21;Injury renal vessel NOS
97;2018-12-04;4:09:12;Juv osteochondrosis foot
98;2018-03-29;5:32:33;Depr psychos-full remiss
99;2017-10-03;10:19:23;Hyperkinetic heart dis
100;2018-02-27;17:25:26;Unc beh neo brain/spinal
101;2020-11-22;14:38:44;Infc mcrg drgrst nt mult
102;2017-02-14;21:10:04;Hepatitis in oth inf dis
103;2019-10-24;2:21:49;TB of knee-oth test
104;2020-06-19;20:27:36;Delay del 2 twin-antepar
105;2018-12-10;18:42:28;Mapl bark-stripprs' lung
106;2021-05-04;5:08:18;Mening in oth bact dis
107;2019-04-17;7:19:30;Forcep deliv NOS-deliver
108;2020-10-27;19:50:14;Test male/fem preg loss
109;2019-05-15;22:21:34;Endometriosis NOS
110;2018-03-19;8:36:43;Deep 3 deg burn palm
111;2018-10-29;20:42:38;Excess cry infant/baby
112;2018-11-30;10:16:40;Gout w manifestation NEC
113;2021-05-22;13:45:37;Sprain of coccyx
114;2021-09-16;1:52:11;Int inf enterovirus NEC
115;2022-04-19;5:56:30;Chr sup otitis media NOS
116;2017-07-27;16:18:28;Chr marginal ulcer NOS
117;2018-04-06;6:28:33;Contusion of lower leg
118;2017-04-11;8:00:42;Open wnd mouth NOS-compl
119;2019-03-17;10:59:00;Hx vaginal dysplasia
120;2018-10-17;17:26:55;Jt contracture-forearm
121;2020-07-28;14:37:26;Cl skull vlt fx w/o coma
122;2021-12-15;13:43:38;Dermat d/t int agent NEC
123;2019-12-01;20:29:59;Op skul vlt fx-deep coma
124;2017-12-19;23:47:04;Inj superior vena cava
125;2018-01-08;21:35:49;TB brain absc-micro dx
126;2020-10-31;23:55:14;Illeg abort w shock-unsp
127;2017-03-24;23:18:38;Infect dis NEC-postpart
128;2022-03-04;5:09:35;Flccd hmiplg nondmnt sde
129;2019-02-02;1:54:05;Dental caries NOS
130;2020-12-08;19:22:49;Inf arthritis NEC-shlder
131;2021-05-15;16:25:12;Simpl schizophren-remiss
132;2018-10-25;16:51:59;Acc poison-fungicides
133;2018-08-22;15:54:45;Quad gest-plac/sac NOS
134;2020-11-17;12:26:44;Chr proliferat nephritis
135;2017-06-28;16:18:11;Sec DM ophth uncontrld
136;2020-06-08;22:34:11;Gen cnv epil w/o intr ep
137;2019-05-12;9:29:18;Toxic cataract
138;2021-07-19;12:13:46;Poison-exhaust gas
139;2021-06-09;12:23:38;Poisoning-salicylates
140;2020-06-13;7:57:16;Scrn risk preterm labor
141;2018-07-18;8:37:12;Common truncus
142;2018-11-23;15:39:20;Thrombocytopenia NOS
143;2019-03-24;20:21:01;Second malig neo kidney
144;2019-11-15;5:42:01;Inf arthrit NOS-pelvis
145;2018-03-18;18:09:42;Post-birth umbil hemorr
146;2020-03-09;1:11:47;Prim pulm hypertension
147;2018-07-08;11:49:50;Opn skl fx NEC-deep coma
148;2018-09-01;11:51:44;Blood donor NEC
149;2021-10-03;4:00:22;Mantle cell lymph spleen
150;2019-02-15;19:02:30;Cl skull fx NEC-coma NOS
151;2020-12-20;3:10:13;Circumscribe scleroderma
152;2021-02-01;16:33:45;Paralytic strabismus NOS
153;2017-06-06;11:11:01;Prsnl hx recur pneumonia
154;2019-03-18;0:53:35;Degen/vascul dis ear NOS
155;2017-12-17;14:32:47;Cellulitis NOS
156;2020-06-04;23:46:39;Tension headache
157;2019-12-29;23:48:01;Comp-oth vasc dev/graft
158;2017-10-15;17:28:13;Convergence excess
159;2021-03-19;16:12:44;Herpetic gingivostomat
160;2017-10-31;8:50:59;Late effec tendon injury
161;2021-02-09;14:50:09;Poxvirus infection NOS
162;2018-05-10;4:01:34;Acute gc infect lower gu
163;2019-06-23;3:26:08;Septal closure anom NEC
164;2021-06-19;7:16:24;Eclampsia-deliv w p/p
165;2018-01-30;17:46:05;Renal/perirenal abscess
166;2019-01-16;11:58:41;Joint dis NEC-shlder
167;2019-09-08;21:34:59;BMI 27.0-27.9,adult
168;2018-12-26;0:24:40;Social conduct dis-mod
169;2020-07-05;17:42:24;Pls cl leu w/o achv rmsn
170;2019-11-08;15:08:33;Agoraphobia w panic dis
171;2020-07-04;3:01:34;Medulloadrenal hyperfunc
172;2017-12-01;17:24:41;Shga txn prod E.coli NEC
173;2020-10-05;21:04:03;Ventricular sept defect
174;2021-03-30;1:54:00;Abo incompat react NOS
175;2018-08-12;0:48:34;Other gu neoplasm NOS
176;2020-02-12;19:28:39;Varus deformity wrist
177;2021-03-17;15:04:13;Fx capitate bone-closed
178;2020-01-19;22:17:41;Peritoneal disorder NEC
179;2017-10-09;8:30:38;Amputation arm, bilat
180;2018-10-09;17:57:08;Streptococcal meningitis
181;2020-12-05;3:50:44;Vaccin for common cold
182;2017-07-07;13:03:00;Bipol I currnt dep w psy
183;2020-12-04;14:56:02;Hemplg mgr wo ntrc w st
184;2018-05-02;22:27:02;Tox eff lacrimogenic gas
185;2021-05-19;13:33:48;Tk off/land-comm crf NEC
186;2019-08-19;18:47:07;N-traf brd/alit-pers NOS
187;2017-05-31;9:13:24;Cong aorta valv insuffic
188;2019-07-02;18:44:36;Acute miliary tb-no exam
189;2021-09-13;17:12:02;K. pneumoniae pneumonia
190;2017-03-19;16:47:19;Angio intes w/o hmrhg
191;2022-03-08;6:30:21;Hard tiss dis teeth NOS
192;2020-01-10;3:19:06;Cauliflower ear
193;2019-08-22;1:41:49;Matern hypoten-del w p/p
194;2018-03-25;20:33:35;Ndlr lym unsp xtrndl org
195;2020-05-17;21:26:07;Carbuncle NOS
196;2017-12-25;19:44:03;Rupture eye w tissu loss
197;2021-05-14;1:04:27;Inflam postproc bleb, 2
198;2020-11-02;17:07:58;Crbl art ocl NOS w infrc
199;2019-11-13;23:11:19;Acute interstitial pneum
200;2018-10-29;19:51:11;Critical illness myopthy
201;2020-06-24;9:53:28;Traum myositis ossifican
202;2021-02-07;6:57:12;Leg varicosity w ulcer
203;2019-03-20;2:33:05;Kidney disruption-open
204;2022-03-23;16:39:13;Algoneurodystrophy
205;2021-11-10;19:47:54;Bone infect NOS-pelvis
206;2022-01-19;21:49:42;Opn wnd ant abdomen-comp
207;2020-03-06;15:58:34;Burn NOS foot
208;2019-02-05;12:12:47;Sec DM ot cma nt st uncn
209;2020-07-04;7:35:19;Gonorrhea-deliver w p/p
210;2019-08-24;23:56:51;Lack of adequate sleep
211;2019-02-05;16:18:17;Obstruc labor NOS-unspec
212;2018-04-10;23:25:15;Person consult for anoth
213;2018-02-26;23:24:52;Spontaneous ecchymoses
214;2021-12-11;7:50:47;Mal neo middle lobe lung
215;2017-05-20;20:47:19;Spinal stenosis NOS
216;2018-06-18;1:14:56;Extradural hem-deep coma
217;2022-04-06;13:21:57;Acc poison-methadone
218;2017-05-09;15:42:01;Jt stiffness NEC-pelvis
219;2020-02-29;20:48:20;Venereal disease NEC
220;2021-02-16;5:48:56;Fam hx-neurolog dis NEC
221;2017-12-08;12:41:28;Contact/exp algae bloom
222;2021-10-29;2:44:15;Mental dis-deliv w p/p
223;2017-03-26;19:33:31;Amniotic infection-unsp
224;2017-02-12;16:18:15;Polyp of vagina
225;2021-08-17;14:04:40;Acc poisoning-arsenic
226;2019-11-05;21:30:51;Adv eff antidiarrhea agt
227;2020-02-13;6:56:54;Initial lesions yaws
228;2021-05-08;9:00:33;Mul gest-fet reduct ante
229;2018-12-07;8:34:25;TB lung w cavity-cult dx
230;2018-02-25;13:37:58;Fx upper humerus NEC-opn
231;2020-04-28;20:21:54;Memory loss
232;2018-07-23;2:11:51;Mononeuritis NOS
233;2022-05-06;19:52:08;Whooping cough NOS
234;2020-10-26;20:17:42;Ac margin ulc w hem-obst
235;2018-01-27;1:38:18;Enteric tularemia
236;2021-09-13;23:27:16;Depress psychosis-mild
237;2021-06-04;7:17:50;Assault-fire
238;2019-02-10;5:28:49;Old vaginal laceration
239;2019-04-18;1:27:54;Varic vein leg preg-unsp
240;2019-01-22;4:28:28;Food poisn d/t v. vulnif
241;2019-02-02;17:04:21;Fx c4 vertebra-open
242;2022-04-21;0:43:49;Mgrn wo aura wo ntrc mgr
243;2017-04-22;12:44:37;Benign neo mouth floor
244;2017-08-09;3:03:44;Mouth anomaly NEC
245;2021-08-23;23:29:18;Adv eff cns stimulnt NEC
246;2017-06-03;17:01:37;Genetc sus mal neo ovary
247;2018-07-12;17:34:53;Kugelberg-welander dis
248;2022-03-10;3:29:20;Human herpesvirs inf NEC
249;2017-05-15;11:51:50;Sed,hyp,anxiolyt dep-con
250;2019-04-04;18:50:18;Twin NOS-nonhosp
251;2020-01-12;20:49:24;Mal neo lat nasopharynx
252;2020-02-01;16:59:13;Essen hyperten-postpart
253;2018-11-03;5:12:39;Nonorganic sleep dis NOS
254;2018-10-08;13:13:41;Moyamoya disease
255;2018-11-27;15:52:31;Ven compl preg NEC-unsp
256;2018-01-16;7:03:34;Skin sensation disturb
257;2019-03-23;17:48:46;Dev dislocat jt-forearm
258;2017-09-01;13:20:13;Kaschin-beck dis-unspec
259;2019-03-14;5:08:49;Fibrosclerosis of breast
260;2017-07-04;0:20:51;Mult lb/sb-in hos w/o cs
261;2019-12-11;6:43:42;Poison-gas/vapor NOS
262;2017-07-04;11:35:26;Primary CNS lymph spleen
263;2021-09-28;14:49:37;Sprain of wrist NEC
264;2021-02-04;1:27:35;Loss control mv-pers NEC
265;2018-07-14;0:49:54;Thyrotox-ect nod w cris
266;2017-12-12;16:43:52;Congen cystic eyeball
267;2020-11-14;13:54:11;Ped cycle acc-occ st car
268;2018-05-26;10:36:24;Coccidioidomycosis NOS
269;2020-03-08;13:19:10;Mechanical strabism NOS
270;2018-01-23;14:38:17;3rd burn w loss-axilla
271;2019-01-23;0:46:03;Fibroadenosis of breast
272;2019-03-14;7:30:53;Dyspareunia
273;2019-06-14;12:33:52;Oth myl leuk w rmsion
274;2019-08-02;20:50:30;Sed,hyp,anxiolyt dep-epi
275;2021-02-10;15:41:46;Iridocyclitis NOS
276;2021-11-04;19:25:13;Adv eff irrit cathartic
277;2017-04-30;11:13:24;Hy ht/kd NOS I-IV w/o hf
278;2020-11-24;13:16:15;Acq finger deformity NOS
279;2021-11-18;23:20:49;Ac osteomyelitis-ankle
280;2017-07-25;10:26:40;Ancylostomiasis NOS
281;2018-04-14;0:02:15;3rd deg burn wrist
282;2019-04-26;7:30:45;Impaction intestine NOS
283;2020-01-09;6:41:42;Unc behav neo pleura
284;2019-03-12;23:00:10;Cnsl prnt-adpt chld prob
285;2019-08-09;1:00:08;Meth sus pneum d/t Staph
286;2021-09-01;12:37:23;Retain plac NOS-postpart
287;2021-01-24;10:30:56;Lat schizophren-subchr
288;2017-05-01;14:00:59;Face/brow present-unspec
289;2020-09-02;7:16:39;Gal&bil cal w/ac&ch w ob
290;2021-11-04;7:44:34;Corticobasal degneration
291;2020-09-24;23:14:05;Screen-mental dis NOS
292;2021-07-10;5:46:46;Varicella complicat NEC
293;2018-11-05;19:27:51;Matern distress-antepar
294;2021-10-20;9:29:13;Singl livebrn-before adm
295;2018-07-14;7:17:17;Cl skul base fx-coma NOS
296;2017-07-08;14:38:36;Torus fracture of fibula
297;2019-02-10;1:19:30;Tot impairment-both eyes
298;2020-09-25;5:30:48;1st deg burn hand-mult
299;2021-03-28;23:54:33;Close skull fracture NEC
300;2021-09-13;2:31:08;Velo-cardio-facial synd
301;2017-11-15;20:48:29;Papyraceous fet-antepar
302;2017-09-04;4:49:43;Adv eff arsenic anti-inf
303;2022-05-09;22:44:03;Mal neo GI tract ill-def
304;2017-02-16;2:33:53;Senile degenerat brain
305;2020-02-29;14:58:41;Measles complication NEC
306;2018-03-09;4:28:33;Opn skul vlt fx-mod coma
307;2019-05-07;4:43:48;Coagulation def-unspec
308;2018-07-14;1:44:12;Fall-occ comm aircrf NEC
309;2017-04-30;18:02:24;Illeg abort uncompl-inc
310;2017-06-11;14:39:23;Gu infection-deliv w p/p
311;2017-08-04;21:41:23;Elective surgery NEC
312;2020-03-28;5:57:23;Fertility preserv proc
313;2021-02-28;4:46:56;FB post-catheter removal
314;2017-08-23;14:26:41;Poison-medicinal agt NEC
315;2020-06-25;16:32:07;Malig melanoma skin NEC
316;2019-07-10;11:22:27;Hx TIA/stroke w/o resid
317;2018-03-21;14:52:16;TB of hip-no exam
318;2022-05-02;6:45:53;Oth mono leuk in relapse
319;2019-06-13;4:46:59;Ureteral fistula
320;2020-05-12;23:27:25;Mal neo ribs/stern/clav
321;2018-04-14;2:47:21;Open wound axilla-compl
322;2021-08-13;0:46:04;Chondrocalc NOS-oth site
323;2020-09-01;21:21:53;Sed,hyp,anxiolyt dep-NOS
324;2020-11-17;4:17:06;Oth spcf preop exam
325;2019-02-15;23:25:02;Delayed HTR NOS
326;2019-08-09;10:24:53;High-risk rx NEC exam
327;2020-07-16;18:23:43;War inj:aircrft dest NOS
328;2019-02-17;7:31:58;Foundling health care
329;2019-05-25;13:28:16;Sterilization
330;2018-03-06;22:22:13;Opn skul fx NEC-mod coma
331;2021-11-23;20:41:48;Sprain interphalangeal
332;2017-09-10;12:11:49;Screen-phenylketonuria
333;2020-09-12;8:37:38;Ca in situ scalp
334;2020-04-26;9:20:32;Preg compl NEC-postpart
335;2017-07-01;23:16:47;Ac kidney fail-postpart
336;2017-03-14;1:37:12;Abscess of prostate
337;2017-08-21;9:22:27;Cannabis abuse-episodic
338;2021-06-06;10:34:12;Joint sympt NEC-unsp jt
339;2021-05-30;13:15:37;Quartan malaria
340;2021-03-24;10:44:42;Sec neuroendo tu-periton
341;2020-06-21;2:30:37;Ca in situ NEC
342;2020-03-22;9:25:28;Misplaced endotrach tube
343;2022-04-13;4:19:06;Late ef-spch/lang df NEC
344;2018-01-19;23:45:43;Injury median nerve
345;2017-06-13;14:27:57;Ac stom ulc hem/perf-obs
346;2020-10-16;12:47:51;Opn cerebel cont-concuss
347;2021-10-04;8:57:23;Chr follic conjunctivit
348;2020-09-01;19:12:46;FB bladder & urethra
349;2022-01-05;2:00:20;Bilat fem hern w gang
350;2020-06-07;2:47:05;Inj mult thoracic vessel
351;2019-11-13;3:26:52;Second cardiomyopath NOS
352;2022-05-04;5:03:52;Abn glucose in preg-unsp
353;2018-07-30;16:48:46;Infect derm lid w deform
354;2022-05-01;9:31:02;Ectropion NOS
355;2019-07-22;14:53:17;TB lung infiltr-micro dx
356;2022-04-04;6:24:15;Injury renal artery
357;2020-12-26;2:46:25;Speech disturbance NEC
358;2019-08-21;13:19:47;Bact food poisoning NEC
359;2017-06-01;1:38:51;BMI 32.0-32.9,adult
360;2019-06-22;23:06:58;Eros imp vag mesh in tis
361;2019-02-18;1:43:18;Night blindness NOS
362;2019-10-19;23:36:11;Septic myocarditis
363;2022-02-26;14:33:51;Hx-nutrition deficiency
364;2019-12-02;6:25:31;Opn wnd ocular adnex NEC
365;2019-11-21;22:50:38;Cryst arthrop NOS-mult
366;2022-02-14;14:54:14;TB thoracic nodes-unspec
367;2017-05-06;1:11:28;Pneumon oth spec orgnsm
368;2018-12-07;12:25:15;DMI wo cmp nt st uncntrl
369;2017-04-17;15:21:02;Maxillary asymmetry
370;2019-09-22;4:09:03;Protein defic anemia
371;2020-05-23;4:35:16;Cord compl NEC-antepart
372;2020-03-23;1:57:55;Retain magnet metal frag
373;2020-10-03;17:09:24;Abort NOS w shock-inc
374;2019-06-27;15:08:17;Abscess of lung
375;2019-08-16;14:46:09;Mal neo access sinus NOS
376;2019-01-07;5:12:03;Black piedra
377;2018-01-30;16:29:59;Cl skul w oth fx-concuss
378;2019-02-22;17:56:12;Overanxious disorder
379;2018-01-05;9:19:59;Triplet pregnancy-unspec
380;2017-11-07;6:02:29;Dev dislocat jt site NOS
381;2020-05-14;3:07:07;Tk off/land-parachutist
382;2019-05-21;5:37:29;Renal dis NOS-postpartum
383;2020-01-04;10:57:02;Poison-utility gas NEC
384;2017-08-06;9:53:21;DMII unspf uncntrld
385;2018-05-31;23:54:57;Schizoaffectv dis-subchr
386;2021-01-12;11:48:40;Submers NEC-person NEC
387;2020-10-08;15:05:11;Ovarian dysfunction NEC
388;2019-05-15;23:34:33;Chronic laryngitis
389;2017-04-25;21:00:18;Lcl inf dt cen ven cth
390;2017-04-24;6:36:01;Nonvenereal endemic syph
391;2019-03-17;12:37:22;Roller coaster riding
392;2020-11-30;15:26:26;Pilar cyst
393;2018-09-27;2:35:01;Nonsenile cataract NEC
394;2021-09-02;2:21:47;Narcolepsy w cat oth dis
395;2021-07-08;21:47:45;Hx Methicln resist Staph
396;2018-01-11;3:39:44;Screen-diabetes mellitus
397;2021-02-01;13:13:09;3 deg burn back of hand
398;2018-11-23;13:34:26;Joint symptom NEC-pelvis
399;2017-06-14;7:50:31;War inj:WMD NOS
400;2020-12-25;10:01:47;Mal neo maj salivary NEC
401;2019-01-25;3:30:43;Botulism food poisoning
402;2018-07-31;21:04:11;DMI oth coma uncontrold
403;2022-02-27;19:12:31;Congenital coxa vara
404;2022-04-20;5:03:44;TB of spleen-no exam
405;2017-10-08;22:18:26;Scrotal transposition
406;2020-08-31;3:44:33;W/craft fall NOS-power
407;2018-08-03;3:56:37;TB meningitis-micro dx
408;2017-03-15;18:17:33;Night blindness NOS
409;2020-12-30;8:48:04;Drowning in bathtub
410;2021-11-15;5:39:05;Fx larynx/trachea-closed
411;2021-08-15;8:41:21;Tx ef cl-hydcarb slv NEC
412;2020-06-18;8:39:55;TB thorax node-exam unkn
413;2021-02-22;9:26:06;Burn NOS toe
414;2022-04-18;20:55:09;Adv eff antibiotic NOS
415;2021-09-07;19:48:33;Cerebral edema
416;2019-09-09;23:18:46;Congenital hypothyroidsm
417;2019-02-19;23:32:41;Osteopetrosis
418;2022-02-03;14:55:25;3rd deg burn abdomn wall
419;2020-12-07;18:30:10;Lactat dis NOS-del w p/p
420;2018-01-22;23:44:25;Hodg lymph deplet thorax
421;2017-10-19;3:08:42;Miliary TB NOS-unspec
422;2021-10-18;16:52:52;Mal neo access sinus NOS
423;2021-02-01;16:27:52;Poisoning-anticoagulants
424;2020-12-15;19:50:42;Toxic effect venom
425;2017-11-26;13:39:16;Ac peptic ulcer NOS-obst
426;2017-08-26;18:59:52;Cl skull fx NEC-coma NOS
427;2020-08-26;0:18:09;3rd brn w loss-mult site
428;2020-11-19;17:19:40;Vasectomy status
429;2022-01-07;12:43:50;Cystic fibrosis w ileus
430;2018-02-05;5:31:50;Adjust react-withdrawal
431;2019-09-04;9:26:59;Color deficiency NEC
432;2017-07-11;23:57:01;Retained dental root
433;2020-11-26;13:35:41;Screen-mental dis NEC
434;2018-03-17;3:07:41;Herpetic infect of penis
435;2019-06-02;16:04:14;Hx-other food allergy
436;2020-03-19;19:52:48;Spstc hmiplg nondmnt sde
437;2018-01-07;13:37:59;Dislocation jaw-open
438;2018-09-30;20:37:10;Aftercare neoplasm surg
439;2020-08-17;11:14:44;Primary CNS lymph thorax
440;2019-12-16;14:57:51;Pelvic hematom-del w pp
441;2017-07-29;16:57:13;Intest TB NEC-exam unkn
442;2020-12-21;11:37:36;Adv eff anti-parkinson
443;2020-09-20;5:45:07;Vert fx NOS-op w crd inj
444;2019-05-11;21:48:18;Drug depend NEC-episodic
445;2021-09-14;13:21:15;Paral polio NEC-type 3
446;2019-10-18;0:18:16;Fam hx-chr resp cond NEC
447;2021-05-23;9:42:52;Malig melanoma trunk
448;2017-11-11;11:13:29;Orthoptic training
449;2017-05-08;21:55:22;Infec otitis externa NOS
450;2018-03-13;23:08:39;Nausea with vomiting
451;2018-01-19;4:26:17;Assault-gasoline bomb
452;2017-04-30;12:27:41;Viral encephalitis NEC
453;2017-06-26;5:37:22;Deficiency anemia NOS
454;2019-04-29;2:36:08;Dislocat sacrum-open
455;2021-04-29;17:35:01;Tox uninod goit w crisis
456;2020-05-09;14:32:41;Abn pelv org NEC-antepar
457;2017-04-22;18:40:37;Pelv perit endometriosis
458;2022-02-04;18:21:25;SIRS-noninf w/o ac or ds
459;2018-09-22;19:00:53;Assault-explosive NEC
460;2020-02-08;2:34:40;Rhinosporidiosis
461;2020-08-12;4:44:36;Viral enteritis NOS
462;2018-03-13;20:37:47;Tox eff corrosive aromat
463;2019-11-25;21:46:45;Malig carcinoid thymus
464;2017-04-14;13:58:40;Thyrtox orig NEC no cris
465;2019-08-02;17:47:01;Inf arthritis NEC-ankle
466;2019-01-15;16:10:40;Ben neo lacrimal gland
467;2021-09-05;0:28:22;Mal neo lymph-axilla/arm
468;2019-01-29;6:34:55;Late eff spine/trunk fx
469;2018-12-02;15:49:22;DMI hprosmlr uncontrold
470;2021-02-18;16:06:33;Childhd disintegr-active
471;2021-06-03;4:37:09;Nonsupp otitis media NOS
472;2018-11-23;19:41:59;Edema in preg-del w p/p
473;2017-10-13;19:50:08;Hypospadias
474;2021-10-18;15:10:49;Late eff of self-injury
475;2018-10-23;18:17:48;Abd preg w intraut preg
476;2020-01-06;16:20:03;Spontaneous ecchymoses
477;2017-10-16;9:16:37;Toxic eff soap/detergent
478;2018-03-13;7:29:59;Retained glass fragments
479;2020-02-18;10:59:01;Mult gest-plac/sac undet
480;2017-07-29;20:09:12;Hx military deployment
481;2020-12-14;6:08:29;Circumscribe scleroderma
482;2021-03-05;12:13:02;Ac margin ulc w hem/perf
483;2021-11-06;2:39:18;Mv coll w oth obj-mocycl
484;2020-09-06;20:19:34;Gonococcal bursitis
485;2021-11-01;3:07:49;2nd deg burn leg NOS
486;2018-02-02;2:36:19;Diff connect tis dis NEC
487;2019-03-08;13:18:58;Hodgkins paragran thorax
488;2020-09-23;0:58:48;Loss control mv-pedest
489;2022-01-16;1:48:19;Poisoning-halothane
490;2021-05-24;10:46:29;Saddle embol pulmon art
491;2021-05-19;9:02:24;Electric current acc NOS
492;2017-10-11;12:54:29;Ben carcinoid asc colon
493;2018-10-02;16:38:59;Hodgkins granulom spleen
494;2017-04-28;2:43:43;Sec DM neuro uncontrld
495;2022-03-21;21:33:31;Suppr lactation-postpart
496;2020-05-23;1:33:47;Lym nds - kpsi's sarcoma
497;2018-08-18;16:09:48;Dvrtcli sml int w hmrhg
498;2018-07-28;16:28:41;Adv eff plague vaccine
499;2020-03-07;13:04:37;BMI 39.0-39.9,adult
500;2017-04-17;13:27:43;Adv eff systemic agt NOS
501;2018-05-10;17:04:23;Acc poisn-sympatholytics
502;2021-05-13;11:55:32;Hodgkins sarcoma head
503;2020-02-24;14:34:43;Int infec campylobacter
504;2018-12-11;18:05:13;Initial lesions yaws
505;2021-02-27;19:49:21;Renal dis NOS-antepartum
506;2018-01-24;22:18:08;Benign neo renal pelvis
507;2017-07-17;17:49:57;Mal renovasc hypertens
508;2017-11-03;8:35:10;Ab NOS w embolism-comp
509;2020-10-01;2:07:31;Crnitne def d/t nb met
510;2018-03-13;0:59:42;Oth curr cond-antepartum
511;2018-02-26;14:35:10;Jt derangement NEC-mult
512;2018-05-07;21:50:40;Portal vein thrombosis
513;2017-08-04;2:33:40;Open brain inj-coma NOS
514;2020-02-13;14:45:54;Atony of bladder
515;2019-04-05;21:25:41;Chylocele, tunic vaginal
516;2019-07-07;13:04:05;40-49% bdy brn/30-39% 3d
517;2021-04-16;14:20:35;Mixed hyperlipidemia
518;2017-04-29;19:25:06;Amp below elb, unil-comp
519;2022-04-29;12:09:31;Recur dislocat-forearm
520;2019-08-28;8:19:26;Adjust react-withdrawal
521;2022-04-12;16:09:47;Malig neo sublingual
522;2021-05-05;3:34:28;Drug induced neutropenia
523;2021-09-20;21:09:19;Cl skul base fx-coma NOS
524;2017-11-29;12:06:45;Calculus of kidney
525;2018-09-30;5:50:02;Acc poison-methaqualone
526;2021-09-25;0:43:12;3rd brn w loss-fngr/thmb
527;2020-03-03;3:45:35;Arthropathy NOS-mult
528;2018-09-04;0:14:07;Sprain cruciate lig knee
529;2017-04-18;22:33:19;Mech com pros jt implant
530;2021-12-28;13:06:34;Screen-diabetes mellitus
531;2018-12-22;16:24:43;Injury median nerve
532;2019-02-01;8:46:29;Op skl base fx-deep coma
533;2017-05-11;20:05:05;Mastitis-postpartum
534;2022-01-01;1:36:45;Mechanical entropion
535;2017-03-25;13:55:02;Secondary lacrim atrophy
536;2018-09-15;1:34:22;Psychosexual dysfunc NEC
537;2022-01-18;19:33:05;Mv collision NOS-pasngr
538;2021-01-19;13:15:56;Gas cylinder explosion
539;2020-01-24;1:48:46;Initiate contracept NEC
540;2020-11-30;17:30:49;Malig neopl uterus NOS
541;2017-07-10;15:16:10;Hx-skin/subcutan tis dis
542;2021-05-10;9:45:49;Cl skul/oth fx-deep coma
543;2020-09-13;9:20:10;Pois-vaccine/biolog NEC
544;2020-01-14;10:39:52;Aftrcre traum fx arm NOS
545;2021-02-05;18:58:12;Isolat trach tb-oth test
546;2020-10-02;6:12:48;Miliary TB NEC-histo dx
547;2018-04-29;8:00:53;Tox eff aflatox/mycotox
548;2020-11-16;3:37:20;Contusion of finger
549;2021-04-10;7:56:23;Psychogen cardiovasc dis
550;2020-01-31;1:09:28;Mycosis fungoides inguin
551;2021-04-02;18:07:47;Spon ab w compl NEC-inc
552;2022-02-18;8:27:48;Symblepharon
553;2017-06-06;7:34:05;Palsy of conjugate gaze
554;2022-02-17;10:17:04;Portal hypertension
555;2020-02-10;18:15:29;Benign mamm dysplas NEC
556;2017-05-17;22:19:20;Fx larynx/trachea-open
557;2022-01-26;6:29:47;TB of hip-histo dx
558;2017-11-18;13:19:42;Inj optic nerv/path NOS
559;2017-09-20;6:39:44;In utero proc NEC aff NB
560;2017-07-08;5:54:46;FB in anterior chamber
561;2019-08-17;19:40:51;Sec DM circ uncontrld
562;2017-06-19;2:47:16;Opn skul/oth fx-brf coma
563;2019-12-09;8:56:37;Candidiasis site NOS
564;2020-02-06;18:00:09;Optic nerve disorder NOS
565;2020-09-05;1:57:05;Neonatal hemorrhage NOS
566;2021-06-03;12:30:39;Retract nipple-antepart
567;2017-02-15;17:09:07;Postabortion shock
568;2021-07-30;9:04:31;Mod dysplasia of cervix
569;2020-08-06;20:01:21;Long-term anti-inflamtry
570;2019-04-25;11:22:43;Deep 3 deg burn finger
571;2022-05-05;16:42:06;Fx bimalleolar-open
572;2019-11-03;10:43:38;Anaphyl d/t adm bld/prod
573;2019-02-14;3:31:55;Oth coll stn obj-cyc psg
574;2017-11-20;15:30:51;Periostitis-pelvis
575;2019-03-18;14:13:08;Comp reattach extrem NOS
576;2020-02-19;12:58:13;Ant disloc humerus-open
577;2018-03-08;3:26:34;Food/vomit pneumonitis
578;2021-01-23;11:39:13;Burn NOS shoulder
579;2020-06-12;15:38:41;Poisoning-digestants
580;2020-03-25;9:00:35;Adv eff bcg vaccine
581;2019-08-02;14:18:30;Sprain of neck
582;2017-10-18;21:56:46;Asslt-transport vehicle
583;2018-01-17;17:44:18;Abn vulva in preg-unspec
584;2020-05-16;13:30:08;Balanitis xerotica oblit
585;2020-05-08;17:18:38;Open wound vulva-compl
586;2021-11-16;14:54:31;TB of adrenal-oth test
587;2020-01-10;18:18:36;Pois-corticosteroids
588;2021-02-07;2:02:39;Pois-butyrophenone tranq
589;2019-07-06;9:32:33;Idiopath sleep hypovent
590;2021-08-19;14:56:02;Reactive confusion
591;2020-03-21;12:50:28;Pelvic organ inj NOS-opn
592;2020-01-20;19:19:05;TB of adrenal-exam unkn
593;2021-10-03;4:21:02;Poison-arsenic
594;2021-08-30;20:11:45;Brain hem NEC-brief coma
595;2017-12-21;11:37:40;Neuralgic amyotrophy
596;2019-02-06;19:31:50;Acute pain due to trauma
597;2017-03-03;8:32:31;Perforation of intestine
598;2021-12-21;6:13:06;Bartholin's gland cyst
599;2019-03-04;21:18:35;Fetal cns malform-unspec
600;2021-07-09;11:26:16;Prim TB complex-exm unkn
601;2022-01-14;0:16:45;Abnormal loss of weight
602;2020-06-26;6:43:31;Cervical duplication
603;2019-09-23;9:06:38;TB of thyroid-oth test
604;2019-05-03;21:18:58;Galactorrhea-nonobstet
605;2019-10-08;23:26:11;Blindness/low vision
606;2020-10-29;13:39:43;Poisoning-pyrazole deriv
607;2020-10-20;23:38:50;Opn skul vlt fx-mod coma
608;2022-01-03;15:58:30;Cnsl victim child abuse
609;2017-11-20;19:02:06;Abn pelv org NEC-deliver
610;2017-10-11;22:28:01;Noninflam dis vagina NOS
611;2019-12-20;4:28:23;Amput leg, unil NOS-comp
612;2018-11-24;15:23:59;Gonococcal infec pharynx
613;2018-04-01;9:00:35;Mixed pedicul & phthirus
614;2017-03-01;6:59:33;Postlaminect synd-thorac
615;2019-09-14;9:40:15;Retain FB, mat NOS
616;2021-08-13;14:51:21;Neuromuscle dis strabism
617;2019-07-24;14:28:54;Oth multiple sb-nonhosp
618;2019-04-06;4:25:56;External ophthalmoplegia
619;2020-03-02;19:29:59;Margin zone lym axilla
620;2021-05-17;2:21:00;Loc 2nd osteoarth-pelvis
621;2020-05-21;6:41:12;Fam hx-kidney dis NEC
622;2019-09-09;14:36:53;Envir expose algae/toxin
623;2019-10-13;0:18:29;Cholesterin granuloma
624;2020-11-24;22:00:31;NB bilious vomiting
625;2021-09-12;21:44:49;Giardiasis
626;2021-09-02;12:05:34;Asept necrosis bone NOS
627;2021-11-23;2:19:37;Postabort pelvic damage
628;2022-05-07;15:14:20;Crnitne def d/t nb met
629;2020-02-29;13:24:12;Abo isoimmunizat-antepar
630;2018-01-12;5:23:24;Macular degeneration NOS
631;2020-06-25;8:09:41;Paratyphoid fever b
632;2020-11-29;9:39:47;Tripl gest-plac/sac NOS
633;2019-01-28;20:40:43;Hernia NOS
634;2021-08-23;0:58:26;Pneumonia due to SARS
635;2019-05-27;5:23:47;Toxic erythema
636;2019-09-24;22:42:03;Congen night blindness
637;2019-08-31;8:17:31;Fx coronoid proc ulna-cl
638;2019-03-12;6:27:47;Lac eyelid inv lacrm pas
639;2020-09-16;16:56:55;Dicalc phos cryst-pelvis
640;2018-11-18;2:12:37;Post-op foreign body NOS
641;2020-06-29;5:39:41;Abn ftl hrt rate/rhy-ant
642;2020-03-07;18:04:42;Hx-circulatory dis NEC
643;2021-08-15;6:45:15;Placental polyp-postpart
644;2017-12-29;5:02:04;Hodgkins mix cell spleen
645;2022-04-21;20:47:59;Limb problems NEC
646;2020-10-11;21:18:03;Suffocation-plastic bag
647;2018-05-25;15:58:50;Psych exam-authority req
648;2022-03-13;9:32:58;Cnsl prnt-biol chld prob
649;2017-12-30;1:21:32;Late eff bone & joint TB
650;2017-11-02;10:30:44;Mumps hepatitis
651;2022-01-11;2:21:28;Cong bowing tibia/fibula
652;2020-07-08;14:28:23;Burn NOS trunk-unspec
653;2021-07-08;6:21:35;War inj:aircrft dest NEC
654;2019-08-06;2:39:19;Incontnce wo sensr aware
655;2022-03-10;11:08:23;Adv eff antirheumatics
656;2019-04-30;13:02:58;Congen obst urtroplv jnc
657;2021-08-28;20:27:01;Postoperative shock, NOS
658;2019-10-31;2:19:59;Internal injury NOS-open
659;2021-07-12;7:11:12;Extradur hem-brief coma
660;2017-09-03;13:49:02;Suppurativ labyrinthitis
661;2021-08-01;9:28:18;Argyll robertson pupil
662;2021-01-23;6:12:41;Abnormal findings NEC
663;2018-03-18;5:45:39;Nodular lymphoma inguin
664;2017-08-07;11:30:24;Chr nonsup OM NOS/NEC
665;2020-08-01;18:22:09;Ant subcaps senile catar
666;2020-06-05;1:17:14;Adjust react-phys sympt
667;2018-10-14;18:18:19;Failure in dosage NOS
668;2018-07-29;20:03:46;Atten to gastrostomy
669;2020-06-13;17:46:42;Neonat jaund in oth dis
670;2017-03-30;23:43:32;Hypercalcemia
671;2018-03-22;2:35:51;Cor biloculare
672;2018-05-16;16:01:31;Probl w special func NOS
673;2022-04-04;14:22:29;Infect/parasite dis NEC
674;2017-02-14;7:37:33;Miliary TB NOS-unspec
675;2020-05-30;3:50:46;End stage renal disease
676;2019-06-26;8:50:43;Monoart juv rheum arthr
677;2019-06-02;8:02:00;Cerebel lacerat-mod coma
678;2018-08-16;22:42:19;Drowning in bathtub
679;2021-10-01;13:32:00;Ect preg NEC w/o int prg
680;2019-10-24;17:21:52;H simplex complicat NEC
681;2020-08-22;19:37:09;Postcatheter forgn body
682;2021-08-04;16:14:28;Acq pelvic deformity
683;2020-03-12;7:11:50;Fx metatarsal-closed
684;2017-11-27;11:19:10;Femoral nerve lesion NEC
685;2021-04-16;12:43:20;3rd deg burn elbow
686;2022-05-16;20:41:13;Part detach-dialysis
687;2018-08-13;17:43:04;Intracranial hemorr NOS
688;2021-04-17;8:10:52;Hx vaginal dysplasia
689;2020-10-23;9:21:13;Erythema nodosum
690;2021-01-02;5:09:45;Postmeasles otitis media
691;2022-01-21;0:27:37;Toxic labyrinthitis
692;2019-08-16;15:38:53;Syphilis NOS
693;2018-10-11;17:04:21;West Nile Fever NOS
694;2021-12-21;19:54:45;Shared psychotic disord
695;2018-02-20;4:35:25;Microglossia
696;2019-06-02;23:05:08;Pneum w cytomeg incl dis
697;2018-09-11;22:03:24;Kidney injury NOS-open
698;2017-08-06;11:06:02;Open wound arm mult/NOS
699;2021-07-13;10:42:08;W/craft fall NEC-power
700;2017-12-27;5:49:00;Adv eff halothane
701;2021-12-10;11:11:03;Oth off-road mv-pers NOS
702;2021-10-09;1:50:18;Loiasis
703;2021-02-08;2:58:42;Bartonellosis
704;2019-04-07;19:27:01;Excs cry chld,adol,adult
705;2018-09-22;4:49:20;Allergic rhinitis NEC
706;2020-10-09;6:23:57;Infect nipple-delivered
707;2017-12-18;13:13:53;Cancrum oris
708;2020-09-01;2:38:02;Dis tympanic memb NOS
709;2019-06-27;20:08:58;Outlet contraction-deliv
710;2021-02-14;22:43:55;Eye disorders NEC
711;2022-04-21;23:57:27;Talipes varus
712;2021-03-10;13:58:37;Angio stm/dudn w hmrhg
713;2022-01-26;13:25:28;Accident d/t dust storm
714;2021-02-26;19:14:43;Prim TB complex-cult dx
715;2017-04-29;17:14:08;Wrng temp in applic/pack
716;2022-02-19;15:59:39;Opn subarach hem-no coma
717;2021-12-11;2:24:36;Oth acq limb deformity
718;2018-08-22;12:57:52;Flushing
719;2021-06-17;10:04:53;Hemorrhage complic proc
720;2018-02-07;5:57:48;Other gu neoplasm NOS
721;2020-05-25;17:18:26;Iris atrophy NEC
722;2021-10-20;9:19:15;Malig neo frontal sinus
723;2019-02-16;21:59:39;Malign neopl ureter
724;2020-12-17;19:31:03;Open wound jaw-complicat
725;2018-07-16;16:21:32;AMI inferopost, initial
726;2018-01-13;0:07:11;Oth mult nb-before adm
727;2022-04-04;2:08:10;Blood diseases NEC
728;2019-07-06;19:18:31;Lactat dis NOS-antepart
729;2018-09-13;10:06:00;Multiple sclerosis
730;2019-07-17;8:24:47;Mal neo oropharynx NEC
731;2022-01-19;17:28:54;Ocular lacera w prolapse
732;2019-10-21;23:41:26;Squam cell ca skin trunk
733;2020-12-20;19:00:38;Cl skull fx NEC w/o coma
734;2018-10-27;4:02:25;Long-term use anticoagul
735;2018-01-10;19:07:22;Chromosome anomaly NOS
736;2020-08-08;15:09:25;Malignant neopl rectum
737;2020-03-24;23:03:20;Abn pulmonary func study
738;2017-11-25;9:31:17;Sec vitreoretina degen
739;2019-09-15;6:02:46;Dislocat elbow NEC-open
740;2020-03-09;13:42:58;Tubrclma sp cd-exam unkn
741;2020-02-29;2:04:06;Nonsp rea gma interferon
742;2018-07-13;0:04:02;Larynx replacement
743;2020-06-03;7:37:52;Prostatic disorders NEC
744;2021-07-10;8:07:48;Machinery acc-docker
745;2018-01-05;4:27:56;Edema pharynx/nasopharyx
746;2017-11-20;10:25:14;Vaccin for tuberculosis
747;2018-11-09;2:20:39;Polyp of vagina
748;2022-04-07;12:27:37;Menstrual disorder NOS
749;2020-02-19;20:03:58;Osteomyelitis NOS-mult
750;2020-06-18;7:52:33;Chr passiv congest liver
751;2021-12-14;13:30:22;Dislocat foot NEC-closed
752;2019-08-06;4:13:22;Dyskinesia of esophagus
753;2019-06-09;14:54:20;Joint dis NOS-pelvis
754;2019-07-23;18:22:04;Anomalies of inner ear
755;2021-06-22;3:08:02;Overexert reptv mvmt NEC
756;2017-08-09;8:31:37;Cannabis abuse-unspec
757;2017-09-02;15:01:17;Cellulitis, toe NOS
758;2021-02-05;14:00:31;Machine accident-swim
759;2018-07-06;0:28:35;Opn skl base fx-brf coma
760;2019-03-09;21:40:38;Opn cort contus-coma NOS
761;2017-03-02;19:56:50;Acc poison-antibiotics
762;2018-11-23;10:34:18;Malfunction iud
763;2018-04-02;11:52:59;Bone infect NEC-ankle
764;2020-06-09;11:58:49;Vaccin for smallpox
765;2022-03-15;17:44:17;Keratoconus, ac hydrops
766;2017-06-26;23:04:14;Accident in place NEC
767;2018-06-29;8:59:40;Hodgkins dis NOS abdom
768;2020-10-01;20:02:24;Condctv hear loss,unilat
769;2018-07-04;22:20:26;Blepharochalasis
770;2017-02-13;20:45:12;Oth curr cond-postpartum
771;2020-09-08;3:14:32;Radiofreq radiat exposur
772;2020-04-06;22:13:58;Torus fracture of fibula
773;2017-10-16;22:10:55;Pituitary disorder NEC
774;2021-05-11;1:58:03;Margnl zone lym xtrndl
775;2022-02-28;8:17:59;Hematemesis
776;2020-11-03;13:27:04;Malig neo frontal lobe
777;2019-05-19;14:04:36;Fx angle of jaw-closed
778;2021-09-18;4:27:17;Burn NOS axilla
779;2018-01-22;5:47:48;Tubal preg w/o intra prg
780;2021-03-29;13:21:01;Heat fatigue, transient
781;2022-04-07;1:51:45;Antepartum hem NEC-deliv
782;2019-04-29;23:45:24;Prim thrombocytopen NOS
783;2021-03-10;22:36:01;Disorders of lens NEC
784;2022-05-07;6:27:58;Request expert evidence
785;2019-03-21;21:27:12;Umbilical hernia
786;2020-01-04;12:20:10;Cervical disc displacmnt
787;2018-01-17;11:39:20;Extrapyramidal dis NOS
788;2018-04-09;21:04:10;Varic vein leg,comp NEC
789;2021-07-04;13:57:33;Hx-lymphosarcoma
790;2019-01-20;23:39:05;Malig neo pancreas NEC
791;2020-02-24;7:43:53;Alcoholic fatty liver
792;2018-03-10;9:58:05;Cl skl w oth fx-brf coma
793;2021-08-05;3:34:55;Problem w swallowing
794;2019-07-06;7:59:09;Joint dis NEC-oth jt
795;2021-06-22;7:04:36;Prs ara wo inf/ntr w st
796;2018-09-14;22:27:12;Somat dys head region
797;2018-01-30;8:33:50;Pois-typh/paratyph vacc
798;2021-08-24;13:01:32;Blister forearm-infected
799;2017-04-24;2:22:33;Abdomen/pelvis symp NEC
800;2020-02-16;11:55:22;TB of bronchus-micro dx
801;2020-04-27;9:32:28;Abo incomp/HTR NEC
802;2019-09-20;21:15:31;Int thrombos hemorrhoid
803;2020-12-16;7:33:24;Hx-health hazard NOS
804;2020-02-13;20:56:41;Unc behav neo female NEC
805;2020-04-24;10:27:12;Deformity of orbit NOS
806;2020-04-10;1:13:08;Fx malar/maxillary-open
807;2018-09-16;21:35:16;Fx tibia NOS-open
808;2018-03-20;23:25:36;Urge incontinence
809;2017-09-14;16:17:01;Ca in situ GI NEC/NOS
810;2018-01-18;20:55:23;Pulp/periapical dis NEC
811;2021-05-29;12:05:28;Macular focal retinitis
812;2017-09-04;23:27:32;Quadruplet preg-deliver
813;2019-03-27;11:47:38;Low tension glaucoma
814;2019-12-11;1:52:53;Scrn-ischemic heart dis
815;2017-02-15;4:54:00;Tooth formation disturb
816;2020-06-03;16:23:42;AMI anterolateral, init
817;2021-07-12;18:44:21;Cl skull vlt fx-mod coma
818;2017-09-27;4:17:53;TB of kidney-micro dx
819;2020-03-03;21:35:44;Atrophy mandible-modrate
820;2020-03-15;2:50:21;Autistic disord-current
821;2022-01-07;12:37:29;Cortex contus-brief coma
822;2019-09-20;12:22:57;Stomach function dis NEC
823;2018-09-06;12:05:48;Chron periodontitis,gen
824;2020-03-06;8:54:59;Hypersensit angiitis NEC
825;2018-07-05;9:20:36;Monoplegia NOS
826;2018-12-26;2:24:11;Diffus cystic mastopathy
827;2017-03-18;23:58:15;Mal neo nervous syst NEC
828;2020-06-01;15:22:50;Ganglion of joint
829;2021-12-07;11:24:23;Biliary tract injury-cl
830;2021-03-05;7:38:17;Pois-loc astring/deterg
831;2018-04-18;7:18:11;Racquet/hand sports
832;2021-12-15;13:20:09;Undet circ-fall site NOS
833;2018-11-07;0:13:46;Ac tracheitis w obstruct
834;2019-06-14;8:36:06;Exudative macular degen
835;2020-12-06;19:26:59;Serratia septicemia
836;2018-05-29;20:09:58;Sqm cell ca skn site NEC
837;2021-09-18;5:01:45;Oth ob surg compl-postpa
838;2017-09-16;20:05:06;Poison-piped gas
839;2021-03-30;13:14:05;Prsc sbdrml cntrcp mplnt
840;2022-01-01;5:42:18;Oth coll stn obj-per NEC
841;2020-05-22;16:19:35;Priapism
842;2020-08-30;13:16:18;Lumbosacral plex injury
843;2020-10-17;0:15:24;Contract pelv NOS-unspec
844;2021-12-18;12:41:29;Crushing injury knee
845;2018-01-02;5:54:56;Chr ethmoidal sinusitis
846;2017-06-18;23:12:41;Hallux varus
847;2018-03-28;2:06:28;Nonsp abn fnd-abdom area
848;2021-10-18;21:32:06;Op skl base fx-prol coma
849;2019-03-26;15:06:30;Bilateral femoral hernia
850;2017-09-22;7:04:50;Burn NOS face NEC
851;2020-12-22;21:42:34;Open wound of scapula
852;2020-09-24;4:51:24;Mycosis fungoides pelvic
853;2022-01-27;2:23:23;Tympnsclr-oth site comb
854;2021-07-28;6:43:24;Cataract extract status
855;2020-01-25;14:05:53;Adv eff butyrophen tranq
856;2017-02-16;12:38:23;Hydrops fetalis:isoimm
857;2022-03-29;4:22:05;Abdmnal rgdt rt upr quad
858;2017-11-09;7:40:09;Artificial insemination
859;2019-12-12;17:41:33;Prblm rltd lfstyle NOS
860;2020-12-07;0:22:12;Herpes zoster NOS
861;2021-10-15;14:47:57;Acute stomach ulcer NOS
862;2018-09-04;19:18:21;Suffocat in bed/cradle
863;2018-10-25;3:07:00;Bipol I cur mixed w psy
864;2017-06-24;11:01:16;Late eff nerve inj NEC
865;2019-09-02;5:26:43;Vacc-typhoid-paratyphoid
866;2017-06-29;4:56:14;Pterygium NOS
867;2018-11-18;19:07:45;Leg ab w compl NEC-inc
868;2022-04-07;23:29:17;Prim open angle glaucoma
869;2021-10-04;21:09:57;Subarach hem-prolng coma
870;2018-06-10;14:12:15;Cl skull fx NEC w/o coma
871;2018-07-15;22:05:07;Somatization disorder
872;2021-12-02;2:02:31;Malignant neo pylorus
873;2020-02-01;13:42:10;Macular puckering
874;2019-07-28;1:55:32;Fetal malnutr 2000-2499g
875;2018-10-10;12:00:33;Malaria NEC
876;2017-11-12;16:51:42;Mild hyperem grav-unspec
877;2017-07-20;7:29:54;Hit by train-pedestrian
878;2020-06-07;4:07:02;Retained wood fragments
879;2017-07-24;1:09:31;Preg w incon fetl viabil
880;2021-05-04;9:40:08;Screen-parasitic dis NEC
881;2019-12-01;16:28:09;Oth abnormalt urination
882;2020-04-26;16:05:30;Fx carpal bone NEC-open
883;2018-02-14;21:50:23;Acte & chr cholecystitis
884;2021-12-22;19:01:01;Radioulnar synostosis
885;2019-06-13;12:06:42;Inj external genital NEC
886;2021-05-23;1:32:30;Acq finger deformity NOS
887;2017-04-07;14:31:39;Adv eff irrit cathartic
888;2018-02-05;11:28:19;Chondrocalc NOS-oth site
889;2021-05-04;20:10:45;Rubella complication NOS
890;2021-04-08;9:01:52;Toxic eff petroleum prod
891;2021-03-29;0:39:30;Groom/shearing animal
892;2019-08-18;5:16:55;Dysphagia,pharyngoesoph
893;2018-12-11;13:34:46;Adv eff purine diuretics
894;2021-01-16;16:00:34;C1-c4 fx-op/cen cord syn
895;2020-06-29;8:09:04;Mal neo mouth vestibule
896;2017-04-01;21:37:09;Exfl d/t eryth 30-39 bdy
897;2019-10-07;16:39:59;Inf d/t ot bariatrc proc
898;2020-05-04;23:58:54;Rh incompat reaction NEC
899;2020-07-02;9:27:26;Emotional dis child NOS
900;2021-06-30;20:30:25;Fx humerus shaft-open
901;2019-04-04;2:47:18;Eustachian salping NOS
902;2021-03-30;3:57:00;Resp TB NEC-micro dx
903;2017-06-27;11:17:53;Adv eff musc agt NEC/NOS
904;2019-08-29;8:41:11;BPH loc w urin obs/LUTS
905;2017-07-15;5:38:33;Shigella boydii
906;2018-03-02;20:54:36;Swan-neck deformity
907;2020-05-21;12:07:28;Triplets w fet loss-ante
908;2018-01-17;22:46:00;Hx-penicillin allergy
909;2018-02-01;12:47:25;Syphilitic keratitis
910;2020-09-30;4:21:22;Obstructive sleep apnea
911;2021-01-08;22:05:09;Autoimmun hemolytic anem
912;2019-10-20;18:17:12;Complete les cord/t7-t12
913;2019-10-08;12:43:23;Fx coron proc mandib-opn
914;2019-06-04;5:42:09;Open wound of axilla
915;2021-03-16;7:08:34;Primary CNS lymph axilla
916;2020-04-12;10:30:17;Post traumatic seizures
917;2021-10-27;11:57:49;Postsurg hypoinsulinemia
918;2019-02-05;15:24:06;Dev dis jt-pelvic/thigh
919;2020-12-25;13:42:16;Integument tiss symp NEC
920;2020-03-11;18:51:50;Iris atrophy NEC
921;2018-03-13;2:53:53;Hernia NEC
922;2017-05-04;0:40:37;Atony of bladder
923;2022-04-01;7:40:28;Colstmy/enteros comp NEC
924;2018-05-01;0:17:50;Mal neo head/face/neck
925;2018-10-14;13:05:37;RR acc w explosion-empl
926;2020-06-26;20:13:08;Longitudinal defic foot
927;2017-08-05;23:17:41;Pulmon TB NOS-cult dx
928;2019-07-10;17:24:09;Ben neo skull/face bone
929;2020-02-23;9:48:43;Abrasion shoulder/arm
930;2018-05-23;0:46:39;Inj intercostal art/vein
931;2017-10-18;20:38:41;Oth drg indcd pancytopna
932;2021-08-11;9:14:46;Galactorrhea-antepartum
933;2020-03-31;12:28:29;Abn pel NEC in preg-unsp
934;2021-07-26;12:06:23;H simplex complicat NEC
935;2020-04-12;21:50:15;Inflamm polyarthrop NOS
936;2017-08-02;14:14:54;Idiopath inters pneu NOS
937;2020-08-05;2:03:31;Poisoning-coagulants
938;2020-08-24;17:45:09;Plateau iris syndrome
939;2022-03-14;23:57:02;Venom sea animals/plants
940;2021-12-02;4:02:00;Fx fibula NOS-closed
941;2021-01-08;17:28:16;2nd deg burn neck
942;2017-05-19;18:24:07;Allerg alveol/pneum NEC
943;2021-01-06;18:09:09;Nonpsychot brain syn NOS
944;2018-05-28;6:50:00;Opn cort contus-mod coma
945;2020-05-15;17:59:06;Fx mid/prx phal, hand-cl
946;2018-06-05;19:58:20;Surgical complicat NOS
947;2022-02-18;6:06:00;Loc osteoarth NOS-pelvis
948;2019-12-05;6:48:02;Unwanted pregnancy NEC
949;2020-11-12;4:15:42;Opn cort contus-brf coma
950;2021-02-27;22:02:01;Cryst arthrop NEC-up/arm
951;2017-04-07;23:08:05;Volunteer activity
952;2022-01-04;22:19:03;Talipes varus
953;2017-04-10;6:48:39;Papillary muscle rupture
954;2017-08-22;17:34:34;Polio osteopathy-l/leg
955;2021-09-18;8:49:03;Fet distress befor labor
956;2022-02-09;4:05:49;Fx c3 vertebra-open
957;2017-10-19;15:09:30;Mal neo soft tis pelvis
958;2018-06-05;14:53:43;Acq stenos ear canal NOS
959;2021-12-14;22:24:51;Cns compl labor/del-unsp
960;2021-11-25;9:06:19;TB of ear-cult dx
961;2018-04-06;21:50:55;Fx scapula NEC-open
962;2020-05-24;7:07:54;Late effec tendon injury
963;2018-12-26;20:31:34;Mult epiphyseal dysplas
964;2018-06-09;10:01:40;Adv eff capillary-act
965;2019-10-19;13:29:41;Poisoning-blood product
966;2021-10-05;2:41:44;Voice/resonance dis NOS
967;2020-11-30;6:13:24;Inf arthritis NEC-hand
968;2018-07-23;18:49:07;Bariatrc surg stat w p/p
969;2021-02-20;1:58:45;TB limb bones-micro dx
970;2017-07-28;10:06:49;Vasc lesion cord-deliver
971;2020-01-14;2:22:35;Mv coll NOS-anim rid
972;2018-12-06;12:11:13;Rupt flexor tendon hand
973;2019-09-06;13:36:49;Oth abn prod conception
974;2018-11-01;17:01:51;Genetc susc mal neo endo
975;2018-05-31;11:06:51;Persist occiptpost-deliv
976;2022-05-07;13:17:37;X-ray/gamma ray exposure
977;2019-08-08;7:58:52;Atrial fibrillation
978;2019-05-04;20:54:39;Myopathy in endocrin dis
979;2017-08-21;19:38:47;Confusional arousals
980;2021-05-30;6:18:36;Polymyalgia rheumatica
981;2020-02-23;9:12:09;Poison-opiate antagonist
982;2018-09-27;17:51:37;Gnathostomiasis
983;2019-08-13;8:22:24;Other pancytopenia
984;2022-03-30;6:34:40;Tx eff inorg lead compnd
985;2020-12-09;14:13:55;Serous conjunctivitis
986;2020-04-10;5:49:38;Part detach-singl defec
987;2018-07-18;11:36:21;Long-term use steroids
988;2021-04-01;9:05:33;Coag def hemorr-antepart
989;2021-10-12;10:17:03;Hypernasality
990;2020-02-04;15:24:01;Rotator cuff synd NOS
991;2020-01-12;1:06:13;Cocaine depend-remiss
992;2020-11-04;20:20:46;Pap smear cervix w LGSIL
993;2019-07-20;16:22:04;Dog bite
994;2017-12-22;16:58:18;Villonod synovit-ankle
995;2018-11-22;10:24:33;Endocrine anomaly NEC
996;2020-04-13;21:28:52;Mal hy ht/kd st V w/o hf
997;2018-04-11;4:23:06;Hx-oral/pharynx malg NEC
998;2022-03-17;6:57:34;Fet damg d/t virus-antep
999;2017-02-10;7:26:11;Abn findings-saliva
1000;2020-04-12;6:14:27;Routine circumcision
